id;symbol;date;close
35691;SPI;15.05.2023;15269.31
35692;SPI;16.05.2023;15186.96
35693;SPI;17.05.2023;15075.48
35694;SPI;18.05.2023;15075.48
35695;SPI;19.05.2023;15254.52
35696;SPI;22.05.2023;15227.79
35697;SPI;23.05.2023;15117.89
35698;SPI;24.05.2023;14967.68
35699;SPI;25.05.2023;14908.01
35700;SPI;26.05.2023;15066.43
35701;SPI;29.05.2023;15066.43
35702;SPI;30.05.2023;14875.72
35703;SPI;31.05.2023;14788.51
35704;SPI;01.06.2023;14880.54
35705;SPI;02.06.2023;15075.43
35706;SPI;05.06.2023;15017.19
35707;SPI;06.06.2023;15083.72
35708;SPI;07.06.2023;14939.96
35709;SPI;08.06.2023;14883.49
35710;SPI;09.06.2023;14829.84
35711;SPI;12.06.2023;14918.81
35712;SPI;13.06.2023;14949.20
35713;SPI;14.06.2023;14891.92
35714;SPI;15.06.2023;14918.47
35715;SPI;16.06.2023;15006.29
35716;SPI;19.06.2023;14881.45
35717;SPI;20.06.2023;14765.21
35718;SPI;21.06.2023;14705.98
35719;SPI;22.06.2023;14713.46
35720;SPI;23.06.2023;14753.71
35721;SPI;26.06.2023;14657.20
35722;SPI;27.06.2023;14659.06
35723;SPI;28.06.2023;14728.40
35724;SPI;29.06.2023;14710.99
35725;SPI;30.06.2023;14861.77
35726;SPI;03.07.2023;14786.37
35727;SPI;04.07.2023;14792.12
35728;SPI;05.07.2023;14741.07
35729;SPI;06.07.2023;14482.25
35730;SPI;07.07.2023;14377.80
35731;SPI;10.07.2023;14432.77
35732;SPI;11.07.2023;14485.85
35733;SPI;12.07.2023;14572.48
35734;SPI;13.07.2023;14597.41
35735;SPI;14.07.2023;14700.06
35736;SPI;17.07.2023;14539.23
35737;SPI;18.07.2023;14682.04
35738;SPI;19.07.2023;14699.67
35739;SPI;20.07.2023;14759.45
35740;SPI;21.07.2023;14764.82
35741;SPI;24.07.2023;14740.85
35742;SPI;25.07.2023;14814.58
35743;SPI;26.07.2023;14756.76
35744;SPI;27.07.2023;15004.04
35745;SPI;28.07.2023;14943.64
35746;SPI;31.07.2023;14927.07
35747;SPI;01.08.2023;14927.07
35748;SPI;02.08.2023;14790.86
35749;SPI;03.08.2023;14636.52
35750;SPI;04.08.2023;14657.70
35751;SPI;07.08.2023;14666.92
35752;SPI;08.08.2023;14598.76
35753;SPI;09.08.2023;14629.86
35754;SPI;10.08.2023;14726.78
35755;SPI;11.08.2023;14623.89
35756;SPI;14.08.2023;14654.87
35757;SPI;15.08.2023;14495.22
35758;SPI;16.08.2023;14498.19
35759;SPI;17.08.2023;14353.58
35760;SPI;18.08.2023;14301.01
35761;SPI;21.08.2023;14307.85
35762;SPI;22.08.2023;14345.71
35763;SPI;23.08.2023;14455.87
35764;SPI;24.08.2023;14462.40
35765;SPI;25.08.2023;14443.65
35766;SPI;28.08.2023;14538.68
35767;SPI;29.08.2023;14637.06
35768;SPI;30.08.2023;14614.94
35769;SPI;31.08.2023;14664.72
35770;SPI;01.09.2023;14596.92
35771;SPI;04.09.2023;14575.89
35772;SPI;05.09.2023;14460.47
35773;SPI;06.09.2023;14425.06
35774;SPI;07.09.2023;14492.19
35775;SPI;08.09.2023;14429.81
35776;SPI;11.09.2023;14460.25
35777;SPI;12.09.2023;14456.78
35778;SPI;13.09.2023;14432.15
35779;SPI;14.09.2023;14566.34
35780;SPI;15.09.2023;14676.94
35781;SPI;18.09.2023;14551.01
35782;SPI;19.09.2023;14514.99
35783;SPI;20.09.2023;14646.43
35784;SPI;21.09.2023;14559.26
35785;SPI;22.09.2023;14462.62
35786;SPI;25.09.2023;14449.51
35787;SPI;26.09.2023;14349.29
35788;SPI;27.09.2023;14253.02
35789;SPI;28.09.2023;14287.13
35790;SPI;29.09.2023;14368.61
35791;SPI;02.10.2023;14240.53
35792;SPI;03.10.2023;14108.92
35793;SPI;04.10.2023;14084.96
35794;SPI;05.10.2023;14119.10
35795;SPI;06.10.2023;14162.69
35796;SPI;09.10.2023;14134.02
35797;SPI;10.10.2023;14365.85
35798;SPI;11.10.2023;14434.12
35799;SPI;12.10.2023;14356.91
35800;SPI;13.10.2023;14240.25
35801;SPI;16.10.2023;14235.61
35802;SPI;17.10.2023;14154.88
35803;SPI;18.10.2023;13970.71
35804;SPI;19.10.2023;13701.44
35805;SPI;20.10.2023;13568.75
35806;SPI;23.10.2023;13551.30
35807;SPI;24.10.2023;13603.38
35808;SPI;25.10.2023;13624.30
35809;SPI;26.10.2023;13562.32
35810;SPI;27.10.2023;13508.31
35811;SPI;30.10.2023;13576.24
35812;SPI;31.10.2023;13616.23
35813;SPI;01.11.2023;13747.16
35814;SPI;02.11.2023;13899.51
35815;SPI;03.11.2023;13894.72
35816;SPI;06.11.2023;13881.73
35817;SPI;07.11.2023;13867.52
35818;SPI;08.11.2023;13894.80
35819;SPI;09.11.2023;13971.68
35820;SPI;10.11.2023;13860.50
35821;SPI;13.11.2023;13899.63
35822;SPI;14.11.2023;14097.54
35823;SPI;15.11.2023;14096.63
35824;SPI;16.11.2023;14014.24
35825;SPI;17.11.2023;14124.43
35826;SPI;20.11.2023;14114.45
35827;SPI;21.11.2023;14154.90
35828;SPI;22.11.2023;14212.12
35829;SPI;23.11.2023;14228.78
35830;SPI;24.11.2023;14267.38
35831;SPI;27.11.2023;14191.02
35832;SPI;28.11.2023;14105.82
35833;SPI;29.11.2023;14177.30
35834;SPI;30.11.2023;14236.35
35835;SPI;01.12.2023;14261.77
35836;SPI;04.12.2023;14310.28
35837;SPI;05.12.2023;14336.78
35838;SPI;06.12.2023;14374.08
35839;SPI;07.12.2023;14329.28
35840;SPI;08.12.2023;14468.58
35841;SPI;11.12.2023;14528.06
35842;SPI;12.12.2023;14546.10
35843;SPI;13.12.2023;14586.00
35844;SPI;14.12.2023;14666.74
35845;SPI;15.12.2023;14657.38
35846;SPI;18.12.2023;14601.03
35847;SPI;19.12.2023;14578.66
35848;SPI;20.12.2023;14578.38
35849;SPI;21.12.2023;14556.73
35850;SPI;22.12.2023;14581.43
35851;SPI;25.12.2023;14581.43
35852;SPI;26.12.2023;14581.43
35853;SPI;27.12.2023;14545.78
35854;SPI;28.12.2023;14477.36
35855;SPI;29.12.2023;14571.23
35856;SPI;01.01.2024;14571.23
35857;SPI;02.01.2024;14571.23
35858;SPI;03.01.2024;14569.83
35859;SPI;04.01.2024;14638.85
35860;SPI;05.01.2024;14584.24
35861;SPI;08.01.2024;14644.59
35862;SPI;09.01.2024;14663.68
35863;SPI;10.01.2024;14652.96
35864;SPI;11.01.2024;14535.04
35865;SPI;12.01.2024;14631.17
35866;SPI;15.01.2024;14594.60
35867;SPI;16.01.2024;14628.23
35868;SPI;17.01.2024;14523.78
35869;SPI;18.01.2024;14568.83
35870;SPI;19.01.2024;14520.58
35871;SPI;22.01.2024;14681.85
35872;SPI;23.01.2024;14533.04
35873;SPI;24.01.2024;14589.71
35874;SPI;25.01.2024;14604.20
35875;SPI;26.01.2024;14839.12
35876;SPI;29.01.2024;14879.75
35877;SPI;30.01.2024;14897.74
35878;SPI;31.01.2024;14774.50
35879;SPI;01.02.2024;14650.45
35880;SPI;02.02.2024;14676.63
35881;SPI;05.02.2024;14727.73
35882;SPI;06.02.2024;14694.64
35883;SPI;07.02.2024;14653.74
35884;SPI;08.02.2024;14591.23
35885;SPI;09.02.2024;14515.69
35886;SPI;12.02.2024;14634.74
35887;SPI;13.02.2024;14581.33
35888;SPI;14.02.2024;14683.78
35889;SPI;15.02.2024;14770.96
35890;SPI;16.02.2024;14798.96
35891;SPI;19.02.2024;14900.36
35892;SPI;20.02.2024;14947.78
35893;SPI;21.02.2024;14913.69
35894;SPI;22.02.2024;14857.56
35895;SPI;23.02.2024;14986.90
35896;SPI;26.02.2024;14922.98
35897;SPI;27.02.2024;14901.70
35898;SPI;28.02.2024;14852.66
35899;SPI;29.02.2024;14857.71
35900;SPI;01.03.2024;14938.20
35901;SPI;04.03.2024;14927.02
35902;SPI;05.03.2024;14894.46
35903;SPI;06.03.2024;15003.63
35904;SPI;07.03.2024;15135.28
35905;SPI;08.03.2024;15219.62
35906;SPI;11.03.2024;15245.28
35907;SPI;12.03.2024;15342.63
35908;SPI;13.03.2024;15391.94
35909;SPI;14.03.2024;15373.41
35910;SPI;15.03.2024;15328.51
35911;SPI;18.03.2024;15259.42
35912;SPI;19.03.2024;15199.60
35913;SPI;20.03.2024;15249.00
35914;SPI;21.03.2024;15377.34
35915;SPI;22.03.2024;15307.08
35916;SPI;25.03.2024;15316.09
35917;SPI;26.03.2024;15359.09
35918;SPI;27.03.2024;15400.91
35919;SPI;28.03.2024;15442.86
35920;SPI;29.03.2024;15442.86
35921;SPI;01.04.2024;15442.86
35922;SPI;02.04.2024;15267.17
35923;SPI;03.04.2024;15295.17
35924;SPI;04.04.2024;15372.87
35925;SPI;05.04.2024;15155.20
35926;SPI;08.04.2024;15224.39
35927;SPI;09.04.2024;15174.13
35928;SPI;10.04.2024;15158.81
35929;SPI;11.04.2024;15127.32
35930;SPI;12.04.2024;15051.28
35931;SPI;15.04.2024;15087.40
35932;SPI;16.04.2024;14862.40
35933;SPI;17.04.2024;14897.33
35934;SPI;18.04.2024;14909.13
35935;SPI;19.04.2024;14982.45
35936;SPI;22.04.2024;15102.72
35937;SPI;23.04.2024;15275.57
35938;SPI;24.04.2024;15156.95
35939;SPI;25.04.2024;15015.45
35940;SPI;26.04.2024;15136.02
35941;SPI;29.04.2024;15135.28
35942;SPI;30.04.2024;15066.69
35943;SPI;01.05.2024;15066.69
35944;SPI;02.05.2024;15002.28
35945;SPI;03.05.2024;15093.52
35946;SPI;06.05.2024;15158.18
35947;SPI;07.05.2024;15372.36
35948;SPI;08.05.2024;15477.38
35949;SPI;09.05.2024;15477.38
35950;SPI;10.05.2024;15677.05
35951;SPI;13.05.2024;15710.12
35952;SPI;14.05.2024;15739.11
35953;SPI;15.05.2024;15887.49
35954;SPI;16.05.2024;15935.04
35955;SPI;17.05.2024;16038.17
35956;SPI;20.05.2024;16038.17
35957;SPI;21.05.2024;15996.80
35958;SPI;22.05.2024;15963.21
35959;SPI;23.05.2024;15981.69
35960;SPI;24.05.2024;15936.35
35961;SPI;27.05.2024;15974.09
35962;SPI;28.05.2024;15844.47
35963;SPI;29.05.2024;15742.31
35964;SPI;30.05.2024;15858.17
35965;SPI;31.05.2024;15992.27
35966;SPI;03.06.2024;15982.52
35967;SPI;04.06.2024;15978.79
35968;SPI;05.06.2024;16141.32
35969;SPI;06.06.2024;16250.61
35970;SPI;07.06.2024;16263.73
35971;SPI;10.06.2024;16114.67
35972;SPI;11.06.2024;16031.70
35973;SPI;12.06.2024;16165.49
35974;SPI;13.06.2024;16068.56
35975;SPI;14.06.2024;15993.96
35976;SPI;17.06.2024;15945.80
35977;SPI;18.06.2024;16007.00
35978;SPI;19.06.2024;16018.34
35979;SPI;20.06.2024;16118.07
35980;SPI;21.06.2024;15969.72
35981;SPI;24.06.2024;16137.30
35982;SPI;25.06.2024;16037.64
35983;SPI;26.06.2024;15947.72
35984;SPI;27.06.2024;15941.95
35985;SPI;28.06.2024;15919.28
35986;SPI;01.07.2024;15989.43
35987;SPI;02.07.2024;15955.51
35988;SPI;03.07.2024;15998.36
35989;SPI;04.07.2024;16072.05
35990;SPI;05.07.2024;16013.59
35991;SPI;08.07.2024;16058.11
35992;SPI;09.07.2024;16033.01
35993;SPI;10.07.2024;16168.62
35994;SPI;11.07.2024;16292.65
35995;SPI;12.07.2024;16416.30
35996;SPI;15.07.2024;16291.35
35997;SPI;16.07.2024;16283.02
35998;SPI;17.07.2024;16355.14
35999;SPI;18.07.2024;16260.34
36000;SPI;19.07.2024;16153.95
36001;SPI;22.07.2024;16325.74
36002;SPI;23.07.2024;16301.82
36003;SPI;24.07.2024;16212.80
36004;SPI;25.07.2024;16083.77
36005;SPI;26.07.2024;16246.90
36006;SPI;29.07.2024;16214.66
36007;SPI;30.07.2024;16303.53
36008;SPI;31.07.2024;16356.34
36009;SPI;01.08.2024;16356.34
36010;SPI;02.08.2024;15810.03
36011;SPI;05.08.2024;15376.36
36012;SPI;06.08.2024;15346.10
36013;SPI;07.08.2024;15765.99
36014;SPI;08.08.2024;15740.59
36015;SPI;09.08.2024;15791.89
36016;SPI;12.08.2024;15798.17
36017;SPI;13.08.2024;15860.36
36018;SPI;14.08.2024;16058.55
36019;SPI;15.08.2024;16161.08
36020;SPI;16.08.2024;16203.15
36021;SPI;19.08.2024;16312.06
36022;SPI;20.08.2024;16289.49
36023;SPI;21.08.2024;16274.12
36024;SPI;22.08.2024;16345.50
36025;SPI;23.08.2024;16399.07
36026;SPI;26.08.2024;16389.74
36027;SPI;27.08.2024;16317.09
36028;SPI;28.08.2024;16380.47
36029;SPI;29.08.2024;16469.21
36030;SPI;30.08.2024;16504.15
36031;SPI;02.09.2024;16514.07
36032;SPI;03.09.2024;16378.80
36033;SPI;04.09.2024;16161.64
36034;SPI;05.09.2024;15989.94
36035;SPI;06.09.2024;15826.09
36036;SPI;09.09.2024;15929.79
36037;SPI;10.09.2024;15905.66
36038;SPI;11.09.2024;15854.98
36039;SPI;12.09.2024;15927.04
36040;SPI;13.09.2024;16006.04
36041;SPI;16.09.2024;15957.58
36042;SPI;17.09.2024;16021.90
36043;SPI;18.09.2024;15945.27
36044;SPI;19.09.2024;16069.18
36045;SPI;20.09.2024;15893.12
36046;SPI;23.09.2024;15934.36
36047;SPI;24.09.2024;16035.28
36048;SPI;25.09.2024;16172.87
36049;SPI;26.09.2024;16276.92
36050;SPI;27.09.2024;16323.40
36051;SPI;30.09.2024;16241.87
36052;SPI;01.10.2024;16131.51
36053;SPI;02.10.2024;16170.88
36054;SPI;03.10.2024;16042.50
36055;SPI;04.10.2024;16033.56
36056;SPI;07.10.2024;16042.52
36057;SPI;08.10.2024;16031.84
36058;SPI;09.10.2024;16168.60
36059;SPI;10.10.2024;16117.64
36060;SPI;11.10.2024;16211.07
36061;SPI;14.10.2024;16339.58
36062;SPI;15.10.2024;16270.26
36063;SPI;16.10.2024;16224.72
36064;SPI;17.10.2024;16350.96
36065;SPI;18.10.2024;16394.99
36066;SPI;21.10.2024;16310.29
36067;SPI;22.10.2024;16194.59
36068;SPI;23.10.2024;16163.27
36069;SPI;24.10.2024;16192.61
36070;SPI;25.10.2024;16205.59
36071;SPI;28.10.2024;16283.44
36072;SPI;29.10.2024;16096.21
36073;SPI;30.10.2024;15937.46
36074;SPI;31.10.2024;15711.55
36075;SPI;01.11.2024;15929.51
36076;SPI;04.11.2024;15849.49
36077;SPI;05.11.2024;15812.13
36078;SPI;06.11.2024;15776.36
36079;SPI;07.11.2024;15865.33
36080;SPI;08.11.2024;15731.13
36081;SPI;11.11.2024;15852.65
36082;SPI;12.11.2024;15597.29
36083;SPI;13.11.2024;15583.76
36084;SPI;14.11.2024;15682.05
36085;SPI;15.11.2024;15488.11
36086;SPI;18.11.2024;15492.58
36087;SPI;19.11.2024;15375.14
36088;SPI;20.11.2024;15373.36
36089;SPI;21.11.2024;15423.02
36090;SPI;22.11.2024;15591.54
36091;SPI;25.11.2024;15570.85
36092;SPI;26.11.2024;15490.83
36093;SPI;27.11.2024;15522.49
36094;SPI;28.11.2024;15601.84
36095;SPI;29.11.2024;15672.48
36096;SPI;02.12.2024;15731.58
36097;SPI;03.12.2024;15737.67
36098;SPI;04.12.2024;15702.49
36099;SPI;05.12.2024;15701.66
36100;SPI;06.12.2024;15693.91
36101;SPI;09.12.2024;15669.16
36102;SPI;10.12.2024;15534.59
36103;SPI;11.12.2024;15594.09
36104;SPI;12.12.2024;15616.16
36105;SPI;13.12.2024;15581.70
36106;SPI;16.12.2024;15580.15
36107;SPI;17.12.2024;15619.46
36108;SPI;18.12.2024;15508.12
36109;SPI;19.12.2024;15295.88
36110;Rusell 2000;15.05.2023;1576.94
36111;Rusell 2000;16.05.2023;1557.48
36112;Rusell 2000;17.05.2023;1595.91
36113;Rusell 2000;18.05.2023;1618.10
36114;Rusell 2000;19.05.2023;1596.34
36115;Rusell 2000;22.05.2023;1614.79
36116;Rusell 2000;23.05.2023;1614.20
36117;Rusell 2000;24.05.2023;1602.96
36118;Rusell 2000;25.05.2023;1594.15
36119;Rusell 2000;26.05.2023;1607.94
36120;Rusell 2000;29.05.2023;1607.94
36121;Rusell 2000;30.05.2023;1604.53
36122;Rusell 2000;31.05.2023;1602.66
36123;Rusell 2000;01.06.2023;1606.87
36124;Rusell 2000;02.06.2023;1666.89
36125;Rusell 2000;05.06.2023;1639.82
36126;Rusell 2000;06.06.2023;1687.60
36127;Rusell 2000;07.06.2023;1721.51
36128;Rusell 2000;08.06.2023;1696.76
36129;Rusell 2000;09.06.2023;1688.48
36130;Rusell 2000;12.06.2023;1709.37
36131;Rusell 2000;13.06.2023;1717.81
36132;Rusell 2000;14.06.2023;1685.05
36133;Rusell 2000;15.06.2023;1688.74
36134;Rusell 2000;16.06.2023;1680.97
36135;Rusell 2000;19.06.2023;1680.97
36136;Rusell 2000;20.06.2023;1681.55
36137;Rusell 2000;21.06.2023;1670.42
36138;Rusell 2000;22.06.2023;1662.33
36139;Rusell 2000;23.06.2023;1640.71
36140;Rusell 2000;26.06.2023;1636.34
36141;Rusell 2000;27.06.2023;1657.70
36142;Rusell 2000;28.06.2023;1671.18
36143;Rusell 2000;29.06.2023;1697.36
36144;Rusell 2000;30.06.2023;1695.74
36145;Rusell 2000;03.07.2023;1705.93
36146;Rusell 2000;04.07.2023;1705.93
36147;Rusell 2000;05.07.2023;1688.68
36148;Rusell 2000;06.07.2023;1657.42
36149;Rusell 2000;07.07.2023;1661.90
36150;Rusell 2000;10.07.2023;1686.33
36151;Rusell 2000;11.07.2023;1689.98
36152;Rusell 2000;12.07.2023;1683.85
36153;Rusell 2000;13.07.2023;1681.60
36154;Rusell 2000;14.07.2023;1669.81
36155;Rusell 2000;17.07.2023;1685.51
36156;Rusell 2000;18.07.2023;1704.95
36157;Rusell 2000;19.07.2023;1712.79
36158;Rusell 2000;20.07.2023;1713.36
36159;Rusell 2000;21.07.2023;1703.65
36160;Rusell 2000;24.07.2023;1711.93
36161;Rusell 2000;25.07.2023;1706.78
36162;Rusell 2000;26.07.2023;1716.17
36163;Rusell 2000;27.07.2023;1703.54
36164;Rusell 2000;28.07.2023;1727.45
36165;Rusell 2000;31.07.2023;1748.75
36166;Rusell 2000;01.08.2023;1753.51
36167;Rusell 2000;02.08.2023;1730.53
36168;Rusell 2000;03.08.2023;1720.93
36169;Rusell 2000;04.08.2023;1712.36
36170;Rusell 2000;07.08.2023;1719.39
36171;Rusell 2000;08.08.2023;1712.87
36172;Rusell 2000;09.08.2023;1700.42
36173;Rusell 2000;10.08.2023;1687.67
36174;Rusell 2000;11.08.2023;1696.60
36175;Rusell 2000;14.08.2023;1692.31
36176;Rusell 2000;15.08.2023;1673.08
36177;Rusell 2000;16.08.2023;1654.00
36178;Rusell 2000;17.08.2023;1634.64
36179;Rusell 2000;18.08.2023;1648.02
36180;Rusell 2000;21.08.2023;1639.08
36181;Rusell 2000;22.08.2023;1636.61
36182;Rusell 2000;23.08.2023;1651.21
36183;Rusell 2000;24.08.2023;1639.24
36184;Rusell 2000;25.08.2023;1650.08
36185;Rusell 2000;28.08.2023;1660.76
36186;Rusell 2000;29.08.2023;1675.03
36187;Rusell 2000;30.08.2023;1680.91
36188;Rusell 2000;31.08.2023;1686.80
36189;Rusell 2000;01.09.2023;1711.23
36190;Rusell 2000;04.09.2023;1711.23
36191;Rusell 2000;05.09.2023;1680.96
36192;Rusell 2000;06.09.2023;1682.10
36193;Rusell 2000;07.09.2023;1667.01
36194;Rusell 2000;08.09.2023;1663.10
36195;Rusell 2000;11.09.2023;1661.67
36196;Rusell 2000;12.09.2023;1664.28
36197;Rusell 2000;13.09.2023;1652.52
36198;Rusell 2000;14.09.2023;1683.19
36199;Rusell 2000;15.09.2023;1666.48
36200;Rusell 2000;18.09.2023;1655.77
36201;Rusell 2000;19.09.2023;1651.01
36202;Rusell 2000;20.09.2023;1628.00
36203;Rusell 2000;21.09.2023;1621.62
36204;Rusell 2000;22.09.2023;1620.75
36205;Rusell 2000;25.09.2023;1637.88
36206;Rusell 2000;26.09.2023;1621.73
36207;Rusell 2000;27.09.2023;1648.26
36208;Rusell 2000;28.09.2023;1656.05
36209;Rusell 2000;29.09.2023;1644.26
36210;Rusell 2000;02.10.2023;1625.40
36211;Rusell 2000;03.10.2023;1603.24
36212;Rusell 2000;04.10.2023;1595.41
36213;Rusell 2000;05.10.2023;1593.80
36214;Rusell 2000;06.10.2023;1600.45
36215;Rusell 2000;09.10.2023;1606.48
36216;Rusell 2000;10.10.2023;1617.41
36217;Rusell 2000;11.10.2023;1612.73
36218;Rusell 2000;12.10.2023;1584.87
36219;Rusell 2000;13.10.2023;1561.74
36220;Rusell 2000;16.10.2023;1585.37
36221;Rusell 2000;17.10.2023;1602.78
36222;Rusell 2000;18.10.2023;1565.17
36223;Rusell 2000;19.10.2023;1532.86
36224;Rusell 2000;20.10.2023;1510.98
36225;Rusell 2000;23.10.2023;1496.60
36226;Rusell 2000;24.10.2023;1512.57
36227;Rusell 2000;25.10.2023;1491.64
36228;Rusell 2000;26.10.2023;1503.22
36229;Rusell 2000;27.10.2023;1489.82
36230;Rusell 2000;30.10.2023;1498.00
36231;Rusell 2000;31.10.2023;1523.88
36232;Rusell 2000;01.11.2023;1531.75
36233;Rusell 2000;02.11.2023;1563.89
36234;Rusell 2000;03.11.2023;1593.66
36235;Rusell 2000;06.11.2023;1572.94
36236;Rusell 2000;07.11.2023;1574.99
36237;Rusell 2000;08.11.2023;1554.16
36238;Rusell 2000;09.11.2023;1532.01
36239;Rusell 2000;10.11.2023;1551.85
36240;Rusell 2000;13.11.2023;1551.47
36241;Rusell 2000;14.11.2023;1615.03
36242;Rusell 2000;15.11.2023;1612.63
36243;Rusell 2000;16.11.2023;1588.99
36244;Rusell 2000;17.11.2023;1607.91
36245;Rusell 2000;20.11.2023;1613.58
36246;Rusell 2000;21.11.2023;1590.02
36247;Rusell 2000;22.11.2023;1602.93
36248;Rusell 2000;23.11.2023;1602.93
36249;Rusell 2000;24.11.2023;1608.02
36250;Rusell 2000;27.11.2023;1602.22
36251;Rusell 2000;28.11.2023;1587.98
36252;Rusell 2000;29.11.2023;1592.29
36253;Rusell 2000;30.11.2023;1598.08
36254;Rusell 2000;01.12.2023;1637.03
36255;Rusell 2000;04.12.2023;1658.49
36256;Rusell 2000;05.12.2023;1639.75
36257;Rusell 2000;06.12.2023;1635.88
36258;Rusell 2000;07.12.2023;1648.82
36259;Rusell 2000;08.12.2023;1672.92
36260;Rusell 2000;11.12.2023;1674.15
36261;Rusell 2000;12.12.2023;1664.87
36262;Rusell 2000;13.12.2023;1725.34
36263;Rusell 2000;14.12.2023;1746.00
36264;Rusell 2000;15.12.2023;1742.25
36265;Rusell 2000;18.12.2023;1738.32
36266;Rusell 2000;19.12.2023;1759.89
36267;Rusell 2000;20.12.2023;1726.54
36268;Rusell 2000;21.12.2023;1749.23
36269;Rusell 2000;22.12.2023;1759.43
36270;Rusell 2000;25.12.2023;1759.43
36271;Rusell 2000;26.12.2023;1779.89
36272;Rusell 2000;27.12.2023;1761.78
36273;Rusell 2000;28.12.2023;1750.36
36274;Rusell 2000;29.12.2023;1720.35
36275;Rusell 2000;01.01.2024;1720.35
36276;Rusell 2000;02.01.2024;1730.68
36277;Rusell 2000;03.01.2024;1687.63
36278;Rusell 2000;04.01.2024;1686.06
36279;Rusell 2000;05.01.2024;1677.25
36280;Rusell 2000;08.01.2024;1704.17
36281;Rusell 2000;09.01.2024;1695.17
36282;Rusell 2000;10.01.2024;1695.90
36283;Rusell 2000;11.01.2024;1692.20
36284;Rusell 2000;12.01.2024;1684.19
36285;Rusell 2000;15.01.2024;1684.19
36286;Rusell 2000;16.01.2024;1680.36
36287;Rusell 2000;17.01.2024;1675.03
36288;Rusell 2000;18.01.2024;1690.71
36289;Rusell 2000;19.01.2024;1709.56
36290;Rusell 2000;22.01.2024;1742.65
36291;Rusell 2000;23.01.2024;1742.20
36292;Rusell 2000;24.01.2024;1711.27
36293;Rusell 2000;25.01.2024;1734.10
36294;Rusell 2000;26.01.2024;1728.86
36295;Rusell 2000;29.01.2024;1758.00
36296;Rusell 2000;30.01.2024;1742.19
36297;Rusell 2000;31.01.2024;1693.83
36298;Rusell 2000;01.02.2024;1715.24
36299;Rusell 2000;02.02.2024;1723.03
36300;Rusell 2000;05.02.2024;1705.84
36301;Rusell 2000;06.02.2024;1720.34
36302;Rusell 2000;07.02.2024;1724.81
36303;Rusell 2000;08.02.2024;1751.97
36304;Rusell 2000;09.02.2024;1780.05
36305;Rusell 2000;12.02.2024;1811.79
36306;Rusell 2000;13.02.2024;1763.88
36307;Rusell 2000;14.02.2024;1803.11
36308;Rusell 2000;15.02.2024;1837.68
36309;Rusell 2000;16.02.2024;1812.80
36310;Rusell 2000;19.02.2024;1812.80
36311;Rusell 2000;20.02.2024;1788.17
36312;Rusell 2000;21.02.2024;1778.41
36313;Rusell 2000;22.02.2024;1797.85
36314;Rusell 2000;23.02.2024;1798.42
36315;Rusell 2000;26.02.2024;1809.81
36316;Rusell 2000;27.02.2024;1831.97
36317;Rusell 2000;28.02.2024;1816.63
36318;Rusell 2000;29.02.2024;1839.91
36319;Rusell 2000;01.03.2024;1859.57
36320;Rusell 2000;04.03.2024;1858.50
36321;Rusell 2000;05.03.2024;1838.89
36322;Rusell 2000;06.03.2024;1848.05
36323;Rusell 2000;07.03.2024;1856.49
36324;Rusell 2000;08.03.2024;1850.77
36325;Rusell 2000;11.03.2024;1839.04
36326;Rusell 2000;12.03.2024;1839.45
36327;Rusell 2000;13.03.2024;1842.40
36328;Rusell 2000;14.03.2024;1819.85
36329;Rusell 2000;15.03.2024;1828.44
36330;Rusell 2000;18.03.2024;1823.20
36331;Rusell 2000;19.03.2024;1833.53
36332;Rusell 2000;20.03.2024;1874.95
36333;Rusell 2000;21.03.2024;1912.15
36334;Rusell 2000;22.03.2024;1888.82
36335;Rusell 2000;25.03.2024;1890.82
36336;Rusell 2000;26.03.2024;1898.13
36337;Rusell 2000;27.03.2024;1943.28
36338;Rusell 2000;28.03.2024;1943.27
36339;Rusell 2000;29.03.2024;1943.27
36340;Rusell 2000;01.04.2024;1931.11
36341;Rusell 2000;02.04.2024;1901.05
36342;Rusell 2000;03.04.2024;1904.66
36343;Rusell 2000;04.04.2024;1885.50
36344;Rusell 2000;05.04.2024;1887.91
36345;Rusell 2000;08.04.2024;1906.17
36346;Rusell 2000;09.04.2024;1908.06
36347;Rusell 2000;10.04.2024;1882.28
36348;Rusell 2000;11.04.2024;1887.89
36349;Rusell 2000;12.04.2024;1855.61
36350;Rusell 2000;15.04.2024;1831.99
36351;Rusell 2000;16.04.2024;1822.57
36352;Rusell 2000;17.04.2024;1801.54
36353;Rusell 2000;18.04.2024;1798.57
36354;Rusell 2000;19.04.2024;1799.21
36355;Rusell 2000;22.04.2024;1821.13
36356;Rusell 2000;23.04.2024;1853.69
36357;Rusell 2000;24.04.2024;1851.49
36358;Rusell 2000;25.04.2024;1836.25
36359;Rusell 2000;26.04.2024;1857.69
36360;Rusell 2000;29.04.2024;1862.62
36361;Rusell 2000;30.04.2024;1839.37
36362;Rusell 2000;01.05.2024;1850.13
36363;Rusell 2000;02.05.2024;1866.09
36364;Rusell 2000;03.05.2024;1872.43
36365;Rusell 2000;06.05.2024;1896.32
36366;Rusell 2000;07.05.2024;1903.37
36367;Rusell 2000;08.05.2024;1895.53
36368;Rusell 2000;09.05.2024;1909.81
36369;Rusell 2000;10.05.2024;1895.89
36370;Rusell 2000;13.05.2024;1900.59
36371;Rusell 2000;14.05.2024;1921.07
36372;Rusell 2000;15.05.2024;1935.33
36373;Rusell 2000;16.05.2024;1927.07
36374;Rusell 2000;17.05.2024;1933.84
36375;Rusell 2000;20.05.2024;1943.13
36376;Rusell 2000;21.05.2024;1942.21
36377;Rusell 2000;22.05.2024;1933.67
36378;Rusell 2000;23.05.2024;1905.17
36379;Rusell 2000;24.05.2024;1923.73
36380;Rusell 2000;27.05.2024;1923.73
36381;Rusell 2000;28.05.2024;1914.17
36382;Rusell 2000;29.05.2024;1891.18
36383;Rusell 2000;30.05.2024;1889.92
36384;Rusell 2000;31.05.2024;1901.41
36385;Rusell 2000;03.06.2024;1875.67
36386;Rusell 2000;04.06.2024;1839.46
36387;Rusell 2000;05.06.2024;1876.28
36388;Rusell 2000;06.06.2024;1858.48
36389;Rusell 2000;07.06.2024;1847.46
36390;Rusell 2000;10.06.2024;1853.44
36391;Rusell 2000;11.06.2024;1850.34
36392;Rusell 2000;12.06.2024;1865.40
36393;Rusell 2000;13.06.2024;1856.04
36394;Rusell 2000;14.06.2024;1818.40
36395;Rusell 2000;17.06.2024;1833.65
36396;Rusell 2000;18.06.2024;1822.39
36397;Rusell 2000;19.06.2024;1822.39
36398;Rusell 2000;20.06.2024;1830.16
36399;Rusell 2000;21.06.2024;1840.60
36400;Rusell 2000;24.06.2024;1848.02
36401;Rusell 2000;25.06.2024;1842.38
36402;Rusell 2000;26.06.2024;1843.88
36403;Rusell 2000;27.06.2024;1863.45
36404;Rusell 2000;28.06.2024;1873.79
36405;Rusell 2000;01.07.2024;1868.11
36406;Rusell 2000;02.07.2024;1873.69
36407;Rusell 2000;03.07.2024;1868.43
36408;Rusell 2000;04.07.2024;1868.43
36409;Rusell 2000;05.07.2024;1853.05
36410;Rusell 2000;08.07.2024;1863.19
36411;Rusell 2000;09.07.2024;1856.11
36412;Rusell 2000;10.07.2024;1879.44
36413;Rusell 2000;11.07.2024;1936.03
36414;Rusell 2000;12.07.2024;1958.14
36415;Rusell 2000;15.07.2024;1993.53
36416;Rusell 2000;16.07.2024;2064.32
36417;Rusell 2000;17.07.2024;2018.04
36418;Rusell 2000;18.07.2024;1984.35
36419;Rusell 2000;19.07.2024;1977.64
36420;Rusell 2000;22.07.2024;2012.81
36421;Rusell 2000;23.07.2024;2037.90
36422;Rusell 2000;24.07.2024;1977.84
36423;Rusell 2000;25.07.2024;1993.90
36424;Rusell 2000;26.07.2024;2033.66
36425;Rusell 2000;29.07.2024;2018.51
36426;Rusell 2000;30.07.2024;2018.70
36427;Rusell 2000;31.07.2024;2022.81
36428;Rusell 2000;01.08.2024;1946.85
36429;Rusell 2000;02.08.2024;1848.37
36430;Rusell 2000;05.08.2024;1773.81
36431;Rusell 2000;06.08.2024;1795.94
36432;Rusell 2000;07.08.2024;1790.08
36433;Rusell 2000;08.08.2024;1840.30
36434;Rusell 2000;09.08.2024;1833.77
36435;Rusell 2000;12.08.2024;1822.12
36436;Rusell 2000;13.08.2024;1847.39
36437;Rusell 2000;14.08.2024;1837.71
36438;Rusell 2000;15.08.2024;1899.21
36439;Rusell 2000;16.08.2024;1896.88
36440;Rusell 2000;19.08.2024;1907.83
36441;Rusell 2000;20.08.2024;1870.74
36442;Rusell 2000;21.08.2024;1884.68
36443;Rusell 2000;22.08.2024;1868.76
36444;Rusell 2000;23.08.2024;1923.37
36445;Rusell 2000;26.08.2024;1917.12
36446;Rusell 2000;27.08.2024;1895.04
36447;Rusell 2000;28.08.2024;1882.27
36448;Rusell 2000;29.08.2024;1903.22
36449;Rusell 2000;30.08.2024;1925.35
36450;Rusell 2000;02.09.2024;1925.35
36451;Rusell 2000;03.09.2024;1865.84
36452;Rusell 2000;04.09.2024;1856.49
36453;Rusell 2000;05.09.2024;1839.79
36454;Rusell 2000;06.09.2024;1800.84
36455;Rusell 2000;09.09.2024;1816.41
36456;Rusell 2000;10.09.2024;1812.97
36457;Rusell 2000;11.09.2024;1825.74
36458;Rusell 2000;12.09.2024;1854.77
36459;Rusell 2000;13.09.2024;1889.55
36460;Rusell 2000;16.09.2024;1888.65
36461;Rusell 2000;17.09.2024;1905.88
36462;Rusell 2000;18.09.2024;1904.37
36463;Rusell 2000;19.09.2024;1950.65
36464;Rusell 2000;20.09.2024;1932.19
36465;Rusell 2000;23.09.2024;1919.53
36466;Rusell 2000;24.09.2024;1919.60
36467;Rusell 2000;25.09.2024;1907.70
36468;Rusell 2000;26.09.2024;1911.75
36469;Rusell 2000;27.09.2024;1913.78
36470;Rusell 2000;30.09.2024;1924.45
36471;Rusell 2000;01.10.2024;1900.86
36472;Rusell 2000;02.10.2024;1906.06
36473;Rusell 2000;03.10.2024;1899.42
36474;Rusell 2000;04.10.2024;1943.53
36475;Rusell 2000;07.10.2024;1913.93
36476;Rusell 2000;08.10.2024;1923.48
36477;Rusell 2000;09.10.2024;1934.30
36478;Rusell 2000;10.10.2024;1918.92
36479;Rusell 2000;11.10.2024;1955.96
36480;Rusell 2000;14.10.2024;1984.50
36481;Rusell 2000;15.10.2024;1984.91
36482;Rusell 2000;16.10.2024;2020.94
36483;Rusell 2000;17.10.2024;2018.87
36484;Rusell 2000;18.10.2024;2012.85
36485;Rusell 2000;21.10.2024;1981.60
36486;Rusell 2000;22.10.2024;1974.38
36487;Rusell 2000;23.10.2024;1962.13
36488;Rusell 2000;24.10.2024;1964.37
36489;Rusell 2000;25.10.2024;1955.21
36490;Rusell 2000;28.10.2024;1985.15
36491;Rusell 2000;29.10.2024;1985.59
36492;Rusell 2000;30.10.2024;1976.80
36493;Rusell 2000;31.10.2024;1943.37
36494;Rusell 2000;01.11.2024;1967.08
36495;Rusell 2000;04.11.2024;1958.14
36496;Rusell 2000;05.11.2024;1994.87
36497;Rusell 2000;06.11.2024;2144.26
36498;Rusell 2000;07.11.2024;2125.42
36499;Rusell 2000;08.11.2024;2150.35
36500;Rusell 2000;11.11.2024;2191.98
36501;Rusell 2000;12.11.2024;2159.14
36502;Rusell 2000;13.11.2024;2145.00
36503;Rusell 2000;14.11.2024;2122.18
36504;Rusell 2000;15.11.2024;2090.48
36505;Rusell 2000;18.11.2024;2086.59
36506;Rusell 2000;19.11.2024;2101.00
36507;Rusell 2000;20.11.2024;2104.05
36508;Rusell 2000;21.11.2024;2143.26
36509;Rusell 2000;22.11.2024;2200.55
36510;Rusell 2000;25.11.2024;2217.24
36511;Rusell 2000;26.11.2024;2203.19
36512;Rusell 2000;27.11.2024;2187.83
36513;Rusell 2000;28.11.2024;2187.83
36514;Rusell 2000;29.11.2024;2195.86
36515;Rusell 2000;02.12.2024;2210.28
36516;Rusell 2000;03.12.2024;2189.24
36517;Rusell 2000;04.12.2024;2193.54
36518;Rusell 2000;05.12.2024;2158.17
36519;Rusell 2000;06.12.2024;2167.42
36520;Rusell 2000;09.12.2024;2151.98
36521;Rusell 2000;10.12.2024;2153.99
36522;Rusell 2000;11.12.2024;2169.26
36523;Rusell 2000;12.12.2024;2149.95
36524;Rusell 2000;13.12.2024;2145.42
36525;Rusell 2000;16.12.2024;2163.10
36526;Rusell 2000;17.12.2024;2132.81
36527;Rusell 2000;18.12.2024;2040.96
36528;Rusell 2000;19.12.2024;2040.96
36529;Nasdaq 100;15.05.2023;12002.84
36530;Nasdaq 100;16.05.2023;12038.33
36531;Nasdaq 100;17.05.2023;12219.16
36532;Nasdaq 100;18.05.2023;12538.61
36533;Nasdaq 100;19.05.2023;12419.39
36534;Nasdaq 100;22.05.2023;12452.69
36535;Nasdaq 100;23.05.2023;12341.27
36536;Nasdaq 100;24.05.2023;12337.28
36537;Nasdaq 100;25.05.2023;12658.50
36538;Nasdaq 100;26.05.2023;12961.17
36539;Nasdaq 100;29.05.2023;12961.17
36540;Nasdaq 100;30.05.2023;13025.65
36541;Nasdaq 100;31.05.2023;13047.77
36542;Nasdaq 100;01.06.2023;13116.82
36543;Nasdaq 100;02.06.2023;13234.55
36544;Nasdaq 100;05.06.2023;13203.26
36545;Nasdaq 100;06.06.2023;13232.44
36546;Nasdaq 100;07.06.2023;13029.58
36547;Nasdaq 100;08.06.2023;13057.37
36548;Nasdaq 100;09.06.2023;13137.60
36549;Nasdaq 100;12.06.2023;13480.08
36550;Nasdaq 100;13.06.2023;13486.83
36551;Nasdaq 100;14.06.2023;13477.68
36552;Nasdaq 100;15.06.2023;13557.03
36553;Nasdaq 100;16.06.2023;13502.62
36554;Nasdaq 100;19.06.2023;13502.62
36555;Nasdaq 100;20.06.2023;13558.22
36556;Nasdaq 100;21.06.2023;13315.05
36557;Nasdaq 100;22.06.2023;13513.84
36558;Nasdaq 100;23.06.2023;13396.23
36559;Nasdaq 100;26.06.2023;13167.02
36560;Nasdaq 100;27.06.2023;13376.33
36561;Nasdaq 100;28.06.2023;13438.00
36562;Nasdaq 100;29.06.2023;13454.03
36563;Nasdaq 100;30.06.2023;13604.11
36564;Nasdaq 100;03.07.2023;13654.48
36565;Nasdaq 100;04.07.2023;13654.48
36566;Nasdaq 100;05.07.2023;13685.02
36567;Nasdaq 100;06.07.2023;13551.92
36568;Nasdaq 100;07.07.2023;13378.44
36569;Nasdaq 100;10.07.2023;13363.65
36570;Nasdaq 100;11.07.2023;13330.40
36571;Nasdaq 100;12.07.2023;13307.67
36572;Nasdaq 100;13.07.2023;13397.42
36573;Nasdaq 100;14.07.2023;13434.04
36574;Nasdaq 100;17.07.2023;13547.32
36575;Nasdaq 100;18.07.2023;13641.87
36576;Nasdaq 100;19.07.2023;13630.54
36577;Nasdaq 100;20.07.2023;13444.24
36578;Nasdaq 100;21.07.2023;13379.74
36579;Nasdaq 100;24.07.2023;13426.98
36580;Nasdaq 100;25.07.2023;13481.89
36581;Nasdaq 100;26.07.2023;13404.96
36582;Nasdaq 100;27.07.2023;13449.65
36583;Nasdaq 100;28.07.2023;13704.36
36584;Nasdaq 100;31.07.2023;13728.59
36585;Nasdaq 100;01.08.2023;13794.00
36586;Nasdaq 100;02.08.2023;13496.94
36587;Nasdaq 100;03.08.2023;13443.37
36588;Nasdaq 100;04.08.2023;13333.79
36589;Nasdaq 100;07.08.2023;13494.93
36590;Nasdaq 100;08.08.2023;13404.42
36591;Nasdaq 100;09.08.2023;13271.69
36592;Nasdaq 100;10.08.2023;13251.80
36593;Nasdaq 100;11.08.2023;13216.82
36594;Nasdaq 100;14.08.2023;13369.12
36595;Nasdaq 100;15.08.2023;13241.06
36596;Nasdaq 100;16.08.2023;13118.53
36597;Nasdaq 100;17.08.2023;12973.70
36598;Nasdaq 100;18.08.2023;12995.64
36599;Nasdaq 100;21.08.2023;13161.84
36600;Nasdaq 100;22.08.2023;13153.85
36601;Nasdaq 100;23.08.2023;13345.35
36602;Nasdaq 100;24.08.2023;13125.04
36603;Nasdaq 100;25.08.2023;13270.58
36604;Nasdaq 100;28.08.2023;13344.68
36605;Nasdaq 100;29.08.2023;13556.49
36606;Nasdaq 100;30.08.2023;13624.15
36607;Nasdaq 100;31.08.2023;13730.83
36608;Nasdaq 100;01.09.2023;13767.48
36609;Nasdaq 100;04.09.2023;13767.48
36610;Nasdaq 100;05.09.2023;13829.65
36611;Nasdaq 100;06.09.2023;13761.69
36612;Nasdaq 100;07.09.2023;13671.90
36613;Nasdaq 100;08.09.2023;13689.82
36614;Nasdaq 100;11.09.2023;13813.77
36615;Nasdaq 100;12.09.2023;13680.54
36616;Nasdaq 100;13.09.2023;13742.38
36617;Nasdaq 100;14.09.2023;13913.53
36618;Nasdaq 100;15.09.2023;13677.04
36619;Nasdaq 100;18.09.2023;13703.82
36620;Nasdaq 100;19.09.2023;13691.39
36621;Nasdaq 100;20.09.2023;13426.50
36622;Nasdaq 100;21.09.2023;13335.57
36623;Nasdaq 100;22.09.2023;13374.26
36624;Nasdaq 100;25.09.2023;13518.95
36625;Nasdaq 100;26.09.2023;13352.72
36626;Nasdaq 100;27.09.2023;13470.57
36627;Nasdaq 100;28.09.2023;13524.38
36628;Nasdaq 100;29.09.2023;13507.79
36629;Nasdaq 100;02.10.2023;13679.65
36630;Nasdaq 100;03.10.2023;13476.07
36631;Nasdaq 100;04.10.2023;13589.35
36632;Nasdaq 100;05.10.2023;13506.94
36633;Nasdaq 100;06.10.2023;13682.33
36634;Nasdaq 100;09.10.2023;13719.65
36635;Nasdaq 100;10.10.2023;13734.28
36636;Nasdaq 100;11.10.2023;13813.87
36637;Nasdaq 100;12.10.2023;13827.75
36638;Nasdaq 100;13.10.2023;13569.83
36639;Nasdaq 100;16.10.2023;13719.89
36640;Nasdaq 100;17.10.2023;13675.55
36641;Nasdaq 100;18.10.2023;13450.22
36642;Nasdaq 100;19.10.2023;13260.74
36643;Nasdaq 100;20.10.2023;13042.38
36644;Nasdaq 100;23.10.2023;13072.96
36645;Nasdaq 100;24.10.2023;13231.75
36646;Nasdaq 100;25.10.2023;12942.71
36647;Nasdaq 100;26.10.2023;12753.11
36648;Nasdaq 100;27.10.2023;12858.44
36649;Nasdaq 100;30.10.2023;12988.92
36650;Nasdaq 100;31.10.2023;13161.84
36651;Nasdaq 100;01.11.2023;13403.87
36652;Nasdaq 100;02.11.2023;13560.73
36653;Nasdaq 100;03.11.2023;13615.34
36654;Nasdaq 100;06.11.2023;13664.52
36655;Nasdaq 100;07.11.2023;13847.04
36656;Nasdaq 100;08.11.2023;13830.33
36657;Nasdaq 100;09.11.2023;13737.54
36658;Nasdaq 100;10.11.2023;14077.83
36659;Nasdaq 100;13.11.2023;14030.46
36660;Nasdaq 100;14.11.2023;14144.30
36661;Nasdaq 100;15.11.2023;14107.66
36662;Nasdaq 100;16.11.2023;14129.69
36663;Nasdaq 100;17.11.2023;14110.11
36664;Nasdaq 100;20.11.2023;14254.56
36665;Nasdaq 100;21.11.2023;14151.08
36666;Nasdaq 100;22.11.2023;14227.65
36667;Nasdaq 100;23.11.2023;14227.65
36668;Nasdaq 100;24.11.2023;14160.62
36669;Nasdaq 100;27.11.2023;14141.27
36670;Nasdaq 100;28.11.2023;14123.10
36671;Nasdaq 100;29.11.2023;14054.39
36672;Nasdaq 100;30.11.2023;14029.39
36673;Nasdaq 100;01.12.2023;14001.21
36674;Nasdaq 100;04.12.2023;13899.77
36675;Nasdaq 100;05.12.2023;13968.38
36676;Nasdaq 100;06.12.2023;13886.32
36677;Nasdaq 100;07.12.2023;14080.28
36678;Nasdaq 100;08.12.2023;14244.93
36679;Nasdaq 100;11.12.2023;14354.88
36680;Nasdaq 100;12.12.2023;14410.24
36681;Nasdaq 100;13.12.2023;14608.61
36682;Nasdaq 100;14.12.2023;14366.87
36683;Nasdaq 100;15.12.2023;14521.50
36684;Nasdaq 100;18.12.2023;14600.94
36685;Nasdaq 100;19.12.2023;14573.95
36686;Nasdaq 100;20.12.2023;14348.89
36687;Nasdaq 100;21.12.2023;14466.07
36688;Nasdaq 100;22.12.2023;14446.20
36689;Nasdaq 100;25.12.2023;14446.20
36690;Nasdaq 100;26.12.2023;14519.63
36691;Nasdaq 100;27.12.2023;14347.06
36692;Nasdaq 100;28.12.2023;14294.75
36693;Nasdaq 100;29.12.2023;14204.76
36694;Nasdaq 100;01.01.2024;14204.76
36695;Nasdaq 100;02.01.2024;14151.10
36696;Nasdaq 100;03.01.2024;14027.55
36697;Nasdaq 100;04.01.2024;13950.56
36698;Nasdaq 100;05.01.2024;13944.85
36699;Nasdaq 100;08.01.2024;14192.13
36700;Nasdaq 100;09.01.2024;14292.52
36701;Nasdaq 100;10.01.2024;14380.36
36702;Nasdaq 100;11.01.2024;14480.38
36703;Nasdaq 100;12.01.2024;14455.17
36704;Nasdaq 100;15.01.2024;14455.17
36705;Nasdaq 100;16.01.2024;14597.23
36706;Nasdaq 100;17.01.2024;14575.96
36707;Nasdaq 100;18.01.2024;14846.60
36708;Nasdaq 100;19.01.2024;15141.83
36709;Nasdaq 100;22.01.2024;15145.69
36710;Nasdaq 100;23.01.2024;15261.00
36711;Nasdaq 100;24.01.2024;15182.38
36712;Nasdaq 100;25.01.2024;15291.15
36713;Nasdaq 100;26.01.2024;15142.50
36714;Nasdaq 100;29.01.2024;15296.61
36715;Nasdaq 100;30.01.2024;15171.18
36716;Nasdaq 100;31.01.2024;14826.74
36717;Nasdaq 100;01.02.2024;14987.56
36718;Nasdaq 100;02.02.2024;15404.88
36719;Nasdaq 100;05.02.2024;15425.20
36720;Nasdaq 100;06.02.2024;15390.52
36721;Nasdaq 100;07.02.2024;15616.33
36722;Nasdaq 100;08.02.2024;15651.43
36723;Nasdaq 100;09.02.2024;15821.72
36724;Nasdaq 100;12.02.2024;15755.71
36725;Nasdaq 100;13.02.2024;15719.66
36726;Nasdaq 100;14.02.2024;15871.78
36727;Nasdaq 100;15.02.2024;15822.94
36728;Nasdaq 100;16.02.2024;15687.09
36729;Nasdaq 100;19.02.2024;15687.09
36730;Nasdaq 100;20.02.2024;15570.08
36731;Nasdaq 100;21.02.2024;15499.45
36732;Nasdaq 100;22.02.2024;15986.61
36733;Nasdaq 100;23.02.2024;15909.07
36734;Nasdaq 100;26.02.2024;15908.89
36735;Nasdaq 100;27.02.2024;15924.31
36736;Nasdaq 100;28.02.2024;15827.49
36737;Nasdaq 100;29.02.2024;16068.50
36738;Nasdaq 100;01.03.2024;16301.50
36739;Nasdaq 100;04.03.2024;16240.14
36740;Nasdaq 100;05.03.2024;15936.63
36741;Nasdaq 100;06.03.2024;16010.54
36742;Nasdaq 100;07.03.2024;16202.48
36743;Nasdaq 100;08.03.2024;15920.45
36744;Nasdaq 100;11.03.2024;15888.60
36745;Nasdaq 100;12.03.2024;16131.12
36746;Nasdaq 100;13.03.2024;15974.06
36747;Nasdaq 100;14.03.2024;16040.90
36748;Nasdaq 100;15.03.2024;15867.74
36749;Nasdaq 100;18.03.2024;16094.12
36750;Nasdaq 100;19.03.2024;16139.99
36751;Nasdaq 100;20.03.2024;16382.58
36752;Nasdaq 100;21.03.2024;16591.33
36753;Nasdaq 100;22.03.2024;16615.99
36754;Nasdaq 100;25.03.2024;16559.47
36755;Nasdaq 100;26.03.2024;16594.66
36756;Nasdaq 100;27.03.2024;16691.10
36757;Nasdaq 100;28.03.2024;16586.40
36758;Nasdaq 100;29.03.2024;16586.40
36759;Nasdaq 100;01.04.2024;16687.78
36760;Nasdaq 100;02.04.2024;16573.08
36761;Nasdaq 100;03.04.2024;16551.57
36762;Nasdaq 100;04.04.2024;16306.00
36763;Nasdaq 100;05.04.2024;16458.87
36764;Nasdaq 100;08.04.2024;16528.01
36765;Nasdaq 100;09.04.2024;16551.66
36766;Nasdaq 100;10.04.2024;16603.65
36767;Nasdaq 100;11.04.2024;16808.57
36768;Nasdaq 100;12.04.2024;16565.33
36769;Nasdaq 100;15.04.2024;16308.44
36770;Nasdaq 100;16.04.2024;16298.65
36771;Nasdaq 100;17.04.2024;16069.73
36772;Nasdaq 100;18.04.2024;15992.55
36773;Nasdaq 100;19.04.2024;15631.99
36774;Nasdaq 100;22.04.2024;15822.18
36775;Nasdaq 100;23.04.2024;16061.73
36776;Nasdaq 100;24.04.2024;16151.75
36777;Nasdaq 100;25.04.2024;16046.05
36778;Nasdaq 100;26.04.2024;16329.06
36779;Nasdaq 100;29.04.2024;16316.70
36780;Nasdaq 100;30.04.2024;16140.05
36781;Nasdaq 100;01.05.2024;16068.93
36782;Nasdaq 100;02.05.2024;16123.70
36783;Nasdaq 100;03.05.2024;16340.35
36784;Nasdaq 100;06.05.2024;16533.48
36785;Nasdaq 100;07.05.2024;16562.16
36786;Nasdaq 100;08.05.2024;16563.56
36787;Nasdaq 100;09.05.2024;16565.59
36788;Nasdaq 100;10.05.2024;16600.51
36789;Nasdaq 100;13.05.2024;16656.75
36790;Nasdaq 100;14.05.2024;16758.47
36791;Nasdaq 100;15.05.2024;16944.02
36792;Nasdaq 100;16.05.2024;16943.68
36793;Nasdaq 100;17.05.2024;16994.92
36794;Nasdaq 100;20.05.2024;17136.93
36795;Nasdaq 100;21.05.2024;17198.13
36796;Nasdaq 100;22.05.2024;17251.04
36797;Nasdaq 100;23.05.2024;17196.59
36798;Nasdaq 100;24.05.2024;17355.99
36799;Nasdaq 100;27.05.2024;17355.99
36800;Nasdaq 100;28.05.2024;17349.52
36801;Nasdaq 100;29.05.2024;17276.88
36802;Nasdaq 100;30.05.2024;16913.87
36803;Nasdaq 100;31.05.2024;16902.02
36804;Nasdaq 100;03.06.2024;16814.22
36805;Nasdaq 100;04.06.2024;16747.50
36806;Nasdaq 100;05.06.2024;17177.29
36807;Nasdaq 100;06.06.2024;17121.20
36808;Nasdaq 100;07.06.2024;17193.80
36809;Nasdaq 100;10.06.2024;17273.13
36810;Nasdaq 100;11.06.2024;17429.09
36811;Nasdaq 100;12.06.2024;17518.92
36812;Nasdaq 100;13.06.2024;17687.01
36813;Nasdaq 100;14.06.2024;17683.55
36814;Nasdaq 100;17.06.2024;17910.12
36815;Nasdaq 100;18.06.2024;17777.19
36816;Nasdaq 100;19.06.2024;17777.19
36817;Nasdaq 100;20.06.2024;17781.03
36818;Nasdaq 100;21.06.2024;17794.03
36819;Nasdaq 100;24.06.2024;17587.07
36820;Nasdaq 100;25.06.2024;17811.53
36821;Nasdaq 100;26.06.2024;17908.54
36822;Nasdaq 100;27.06.2024;17952.97
36823;Nasdaq 100;28.06.2024;17865.64
36824;Nasdaq 100;01.07.2024;18083.12
36825;Nasdaq 100;02.07.2024;18285.58
36826;Nasdaq 100;03.07.2024;18369.22
36827;Nasdaq 100;04.07.2024;18369.22
36828;Nasdaq 100;05.07.2024;18494.14
36829;Nasdaq 100;08.07.2024;18529.27
36830;Nasdaq 100;09.07.2024;18553.89
36831;Nasdaq 100;10.07.2024;18785.15
36832;Nasdaq 100;11.07.2024;18263.49
36833;Nasdaq 100;12.07.2024;18380.32
36834;Nasdaq 100;15.07.2024;18430.39
36835;Nasdaq 100;16.07.2024;18449.26
36836;Nasdaq 100;17.07.2024;17693.00
36837;Nasdaq 100;18.07.2024;17640.81
36838;Nasdaq 100;19.07.2024;17528.76
36839;Nasdaq 100;22.07.2024;17818.38
36840;Nasdaq 100;23.07.2024;17796.70
36841;Nasdaq 100;24.07.2024;17003.98
36842;Nasdaq 100;25.07.2024;16749.48
36843;Nasdaq 100;26.07.2024;16975.91
36844;Nasdaq 100;29.07.2024;17067.76
36845;Nasdaq 100;30.07.2024;16775.07
36846;Nasdaq 100;31.07.2024;17228.91
36847;Nasdaq 100;01.08.2024;16682.89
36848;Nasdaq 100;02.08.2024;16024.98
36849;Nasdaq 100;05.08.2024;15435.03
36850;Nasdaq 100;06.08.2024;15594.74
36851;Nasdaq 100;07.08.2024;15583.45
36852;Nasdaq 100;08.08.2024;16120.01
36853;Nasdaq 100;09.08.2024;16175.99
36854;Nasdaq 100;12.08.2024;16246.65
36855;Nasdaq 100;13.08.2024;16617.06
36856;Nasdaq 100;14.08.2024;16629.34
36857;Nasdaq 100;15.08.2024;17187.38
36858;Nasdaq 100;16.08.2024;17131.80
36859;Nasdaq 100;19.08.2024;17250.40
36860;Nasdaq 100;20.08.2024;17074.23
36861;Nasdaq 100;21.08.2024;17066.93
36862;Nasdaq 100;22.08.2024;16796.68
36863;Nasdaq 100;23.08.2024;16948.17
36864;Nasdaq 100;26.08.2024;16723.23
36865;Nasdaq 100;27.08.2024;16697.81
36866;Nasdaq 100;28.08.2024;16497.19
36867;Nasdaq 100;29.08.2024;16549.87
36868;Nasdaq 100;30.08.2024;16844.13
36869;Nasdaq 100;02.09.2024;16844.13
36870;Nasdaq 100;03.09.2024;16312.73
36871;Nasdaq 100;04.09.2024;16229.76
36872;Nasdaq 100;05.09.2024;16190.62
36873;Nasdaq 100;06.09.2024;15722.30
36874;Nasdaq 100;09.09.2024;16016.42
36875;Nasdaq 100;10.09.2024;16132.49
36876;Nasdaq 100;11.09.2024;16546.42
36877;Nasdaq 100;12.09.2024;16767.53
36878;Nasdaq 100;13.09.2024;16744.03
36879;Nasdaq 100;16.09.2024;16605.33
36880;Nasdaq 100;17.09.2024;16641.19
36881;Nasdaq 100;18.09.2024;16546.33
36882;Nasdaq 100;19.09.2024;17027.01
36883;Nasdaq 100;20.09.2024;17011.56
36884;Nasdaq 100;23.09.2024;17009.49
36885;Nasdaq 100;24.09.2024;17060.60
36886;Nasdaq 100;25.09.2024;17183.42
36887;Nasdaq 100;26.09.2024;17245.30
36888;Nasdaq 100;27.09.2024;17056.78
36889;Nasdaq 100;30.09.2024;17148.58
36890;Nasdaq 100;01.10.2024;16944.94
36891;Nasdaq 100;02.10.2024;17035.37
36892;Nasdaq 100;03.10.2024;17083.53
36893;Nasdaq 100;04.10.2024;17432.08
36894;Nasdaq 100;07.10.2024;17118.13
36895;Nasdaq 100;08.10.2024;17454.91
36896;Nasdaq 100;09.10.2024;17648.10
36897;Nasdaq 100;10.10.2024;17581.80
36898;Nasdaq 100;11.10.2024;17577.31
36899;Nasdaq 100;14.10.2024;17867.04
36900;Nasdaq 100;15.10.2024;17616.83
36901;Nasdaq 100;16.10.2024;17659.90
36902;Nasdaq 100;17.10.2024;17700.80
36903;Nasdaq 100;18.10.2024;17801.50
36904;Nasdaq 100;21.10.2024;17842.53
36905;Nasdaq 100;22.10.2024;17861.96
36906;Nasdaq 100;23.10.2024;17614.93
36907;Nasdaq 100;24.10.2024;17740.08
36908;Nasdaq 100;25.10.2024;17848.93
36909;Nasdaq 100;28.10.2024;17829.55
36910;Nasdaq 100;29.10.2024;18056.60
36911;Nasdaq 100;30.10.2024;17874.21
36912;Nasdaq 100;31.10.2024;17427.59
36913;Nasdaq 100;01.11.2024;17658.71
36914;Nasdaq 100;04.11.2024;17446.04
36915;Nasdaq 100;05.11.2024;17674.58
36916;Nasdaq 100;06.11.2024;18440.53
36917;Nasdaq 100;07.11.2024;18639.64
36918;Nasdaq 100;08.11.2024;18739.57
36919;Nasdaq 100;11.11.2024;18815.68
36920;Nasdaq 100;12.11.2024;18834.99
36921;Nasdaq 100;13.11.2024;18857.48
36922;Nasdaq 100;14.11.2024;18789.89
36923;Nasdaq 100;15.11.2024;18322.14
36924;Nasdaq 100;18.11.2024;18397.98
36925;Nasdaq 100;19.11.2024;18507.44
36926;Nasdaq 100;20.11.2024;18512.73
36927;Nasdaq 100;21.11.2024;18619.97
36928;Nasdaq 100;22.11.2024;18809.97
36929;Nasdaq 100;25.11.2024;18703.21
36930;Nasdaq 100;26.11.2024;18826.26
36931;Nasdaq 100;27.11.2024;18521.95
36932;Nasdaq 100;28.11.2024;18521.95
36933;Nasdaq 100;29.11.2024;18688.76
36934;Nasdaq 100;02.12.2024;19024.44
36935;Nasdaq 100;03.12.2024;19040.37
36936;Nasdaq 100;04.12.2024;19232.80
36937;Nasdaq 100;05.12.2024;19102.58
36938;Nasdaq 100;06.12.2024;19258.86
36939;Nasdaq 100;09.12.2024;19090.14
36940;Nasdaq 100;10.12.2024;19123.08
36941;Nasdaq 100;11.12.2024;19521.78
36942;Nasdaq 100;12.12.2024;19484.80
36943;Nasdaq 100;13.12.2024;19708.34
36944;Nasdaq 100;16.12.2024;20029.06
36945;Nasdaq 100;17.12.2024;19897.80
36946;Nasdaq 100;18.12.2024;19198.93
36947;Nasdaq 100;19.12.2024;19198.93
36948;STOXX Europe 600;15.05.2023;458.50
36949;STOXX Europe 600;16.05.2023;457.02
36950;STOXX Europe 600;17.05.2023;456.48
36951;STOXX Europe 600;18.05.2023;458.86
36952;STOXX Europe 600;19.05.2023;461.05
36953;STOXX Europe 600;22.05.2023;460.84
36954;STOXX Europe 600;23.05.2023;458.06
36955;STOXX Europe 600;24.05.2023;451.39
36956;STOXX Europe 600;25.05.2023;448.85
36957;STOXX Europe 600;26.05.2023;453.49
36958;STOXX Europe 600;29.05.2023;451.89
36959;STOXX Europe 600;30.05.2023;449.69
36960;STOXX Europe 600;31.05.2023;445.32
36961;STOXX Europe 600;01.06.2023;450.47
36962;STOXX Europe 600;02.06.2023;455.95
36963;STOXX Europe 600;05.06.2023;452.48
36964;STOXX Europe 600;06.06.2023;454.21
36965;STOXX Europe 600;07.06.2023;454.57
36966;STOXX Europe 600;08.06.2023;453.70
36967;STOXX Europe 600;09.06.2023;452.87
36968;STOXX Europe 600;12.06.2023;457.44
36969;STOXX Europe 600;13.06.2023;458.92
36970;STOXX Europe 600;14.06.2023;459.55
36971;STOXX Europe 600;15.06.2023;459.65
36972;STOXX Europe 600;16.06.2023;462.94
36973;STOXX Europe 600;19.06.2023;458.79
36974;STOXX Europe 600;20.06.2023;457.07
36975;STOXX Europe 600;21.06.2023;455.05
36976;STOXX Europe 600;22.06.2023;453.59
36977;STOXX Europe 600;23.06.2023;449.79
36978;STOXX Europe 600;26.06.2023;448.69
36979;STOXX Europe 600;27.06.2023;450.26
36980;STOXX Europe 600;28.06.2023;452.92
36981;STOXX Europe 600;29.06.2023;453.16
36982;STOXX Europe 600;30.06.2023;458.19
36983;STOXX Europe 600;03.07.2023;458.01
36984;STOXX Europe 600;04.07.2023;457.62
36985;STOXX Europe 600;05.07.2023;453.91
36986;STOXX Europe 600;06.07.2023;442.80
36987;STOXX Europe 600;07.07.2023;443.17
36988;STOXX Europe 600;10.07.2023;443.92
36989;STOXX Europe 600;11.07.2023;444.44
36990;STOXX Europe 600;12.07.2023;450.06
36991;STOXX Europe 600;13.07.2023;451.18
36992;STOXX Europe 600;14.07.2023;453.41
36993;STOXX Europe 600;17.07.2023;449.84
36994;STOXX Europe 600;18.07.2023;451.39
36995;STOXX Europe 600;19.07.2023;451.70
36996;STOXX Europe 600;20.07.2023;455.06
36997;STOXX Europe 600;21.07.2023;455.50
36998;STOXX Europe 600;24.07.2023;455.11
36999;STOXX Europe 600;25.07.2023;454.17
37000;STOXX Europe 600;26.07.2023;452.24
37001;STOXX Europe 600;27.07.2023;457.51
37002;STOXX Europe 600;28.07.2023;458.24
37003;STOXX Europe 600;31.07.2023;458.64
37004;STOXX Europe 600;01.08.2023;456.43
37005;STOXX Europe 600;02.08.2023;449.66
37006;STOXX Europe 600;03.08.2023;445.87
37007;STOXX Europe 600;04.08.2023;449.02
37008;STOXX Europe 600;07.08.2023;449.61
37009;STOXX Europe 600;08.08.2023;447.32
37010;STOXX Europe 600;09.08.2023;451.08
37011;STOXX Europe 600;10.08.2023;454.99
37012;STOXX Europe 600;11.08.2023;449.09
37013;STOXX Europe 600;14.08.2023;448.87
37014;STOXX Europe 600;15.08.2023;444.94
37015;STOXX Europe 600;16.08.2023;443.98
37016;STOXX Europe 600;17.08.2023;439.57
37017;STOXX Europe 600;18.08.2023;438.09
37018;STOXX Europe 600;21.08.2023;437.88
37019;STOXX Europe 600;22.08.2023;439.29
37020;STOXX Europe 600;23.08.2023;440.88
37021;STOXX Europe 600;24.08.2023;439.86
37022;STOXX Europe 600;25.08.2023;439.82
37023;STOXX Europe 600;28.08.2023;443.42
37024;STOXX Europe 600;29.08.2023;447.53
37025;STOXX Europe 600;30.08.2023;449.14
37026;STOXX Europe 600;31.08.2023;447.08
37027;STOXX Europe 600;01.09.2023;446.21
37028;STOXX Europe 600;04.09.2023;445.71
37029;STOXX Europe 600;05.09.2023;444.29
37030;STOXX Europe 600;06.09.2023;443.15
37031;STOXX Europe 600;07.09.2023;442.21
37032;STOXX Europe 600;08.09.2023;443.17
37033;STOXX Europe 600;11.09.2023;445.34
37034;STOXX Europe 600;12.09.2023;444.04
37035;STOXX Europe 600;13.09.2023;443.66
37036;STOXX Europe 600;14.09.2023;448.43
37037;STOXX Europe 600;15.09.2023;450.69
37038;STOXX Europe 600;18.09.2023;446.67
37039;STOXX Europe 600;19.09.2023;446.78
37040;STOXX Europe 600;20.09.2023;450.85
37041;STOXX Europe 600;21.09.2023;446.96
37042;STOXX Europe 600;22.09.2023;446.66
37043;STOXX Europe 600;25.09.2023;443.83
37044;STOXX Europe 600;26.09.2023;441.55
37045;STOXX Europe 600;27.09.2023;440.85
37046;STOXX Europe 600;28.09.2023;442.89
37047;STOXX Europe 600;29.09.2023;444.52
37048;STOXX Europe 600;02.10.2023;438.16
37049;STOXX Europe 600;03.10.2023;433.64
37050;STOXX Europe 600;04.10.2023;432.52
37051;STOXX Europe 600;05.10.2023;433.65
37052;STOXX Europe 600;06.10.2023;437.26
37053;STOXX Europe 600;09.10.2023;433.46
37054;STOXX Europe 600;10.10.2023;443.34
37055;STOXX Europe 600;11.10.2023;442.95
37056;STOXX Europe 600;12.10.2023;443.13
37057;STOXX Europe 600;13.10.2023;434.38
37058;STOXX Europe 600;16.10.2023;436.60
37059;STOXX Europe 600;17.10.2023;437.59
37060;STOXX Europe 600;18.10.2023;430.17
37061;STOXX Europe 600;19.10.2023;425.10
37062;STOXX Europe 600;20.10.2023;418.42
37063;STOXX Europe 600;23.10.2023;420.58
37064;STOXX Europe 600;24.10.2023;420.38
37065;STOXX Europe 600;25.10.2023;421.34
37066;STOXX Europe 600;26.10.2023;419.34
37067;STOXX Europe 600;27.10.2023;419.32
37068;STOXX Europe 600;30.10.2023;421.56
37069;STOXX Europe 600;31.10.2023;426.12
37070;STOXX Europe 600;01.11.2023;427.67
37071;STOXX Europe 600;02.11.2023;435.82
37072;STOXX Europe 600;03.11.2023;437.56
37073;STOXX Europe 600;06.11.2023;436.76
37074;STOXX Europe 600;07.11.2023;435.40
37075;STOXX Europe 600;08.11.2023;436.89
37076;STOXX Europe 600;09.11.2023;441.18
37077;STOXX Europe 600;10.11.2023;436.62
37078;STOXX Europe 600;13.11.2023;440.40
37079;STOXX Europe 600;14.11.2023;447.87
37080;STOXX Europe 600;15.11.2023;447.57
37081;STOXX Europe 600;16.11.2023;445.00
37082;STOXX Europe 600;17.11.2023;449.97
37083;STOXX Europe 600;20.11.2023;451.80
37084;STOXX Europe 600;21.11.2023;450.03
37085;STOXX Europe 600;22.11.2023;450.18
37086;STOXX Europe 600;23.11.2023;452.23
37087;STOXX Europe 600;24.11.2023;454.01
37088;STOXX Europe 600;27.11.2023;452.12
37089;STOXX Europe 600;28.11.2023;451.00
37090;STOXX Europe 600;29.11.2023;450.99
37091;STOXX Europe 600;30.11.2023;450.14
37092;STOXX Europe 600;01.12.2023;451.94
37093;STOXX Europe 600;04.12.2023;450.50
37094;STOXX Europe 600;05.12.2023;451.99
37095;STOXX Europe 600;06.12.2023;453.83
37096;STOXX Europe 600;07.12.2023;453.54
37097;STOXX Europe 600;08.12.2023;458.00
37098;STOXX Europe 600;11.12.2023;458.53
37099;STOXX Europe 600;12.12.2023;457.51
37100;STOXX Europe 600;13.12.2023;457.56
37101;STOXX Europe 600;14.12.2023;463.91
37102;STOXX Europe 600;15.12.2023;462.50
37103;STOXX Europe 600;18.12.2023;461.58
37104;STOXX Europe 600;19.12.2023;462.03
37105;STOXX Europe 600;20.12.2023;462.15
37106;STOXX Europe 600;21.12.2023;460.56
37107;STOXX Europe 600;22.12.2023;461.27
37108;STOXX Europe 600;25.12.2023;461.27
37109;STOXX Europe 600;26.12.2023;461.27
37110;STOXX Europe 600;27.12.2023;459.25
37111;STOXX Europe 600;28.12.2023;456.01
37112;STOXX Europe 600;29.12.2023;455.54
37113;STOXX Europe 600;01.01.2024;455.54
37114;STOXX Europe 600;02.01.2024;456.42
37115;STOXX Europe 600;03.01.2024;451.48
37116;STOXX Europe 600;04.01.2024;456.30
37117;STOXX Europe 600;05.01.2024;454.04
37118;STOXX Europe 600;08.01.2024;455.04
37119;STOXX Europe 600;09.01.2024;455.37
37120;STOXX Europe 600;10.01.2024;455.62
37121;STOXX Europe 600;11.01.2024;453.88
37122;STOXX Europe 600;12.01.2024;456.54
37123;STOXX Europe 600;15.01.2024;455.39
37124;STOXX Europe 600;16.01.2024;453.90
37125;STOXX Europe 600;17.01.2024;450.80
37126;STOXX Europe 600;18.01.2024;454.93
37127;STOXX Europe 600;19.01.2024;455.17
37128;STOXX Europe 600;22.01.2024;458.71
37129;STOXX Europe 600;23.01.2024;456.25
37130;STOXX Europe 600;24.01.2024;459.85
37131;STOXX Europe 600;25.01.2024;461.22
37132;STOXX Europe 600;26.01.2024;465.47
37133;STOXX Europe 600;29.01.2024;464.29
37134;STOXX Europe 600;30.01.2024;465.52
37135;STOXX Europe 600;31.01.2024;464.46
37136;STOXX Europe 600;01.02.2024;463.12
37137;STOXX Europe 600;02.02.2024;464.22
37138;STOXX Europe 600;05.02.2024;463.47
37139;STOXX Europe 600;06.02.2024;466.93
37140;STOXX Europe 600;07.02.2024;468.43
37141;STOXX Europe 600;08.02.2024;468.70
37142;STOXX Europe 600;09.02.2024;469.33
37143;STOXX Europe 600;12.02.2024;471.81
37144;STOXX Europe 600;13.02.2024;470.80
37145;STOXX Europe 600;14.02.2024;472.83
37146;STOXX Europe 600;15.02.2024;475.06
37147;STOXX Europe 600;16.02.2024;478.90
37148;STOXX Europe 600;19.02.2024;480.68
37149;STOXX Europe 600;20.02.2024;480.93
37150;STOXX Europe 600;21.02.2024;479.54
37151;STOXX Europe 600;22.02.2024;484.86
37152;STOXX Europe 600;23.02.2024;486.64
37153;STOXX Europe 600;26.02.2024;485.89
37154;STOXX Europe 600;27.02.2024;486.49
37155;STOXX Europe 600;28.02.2024;483.81
37156;STOXX Europe 600;29.02.2024;484.86
37157;STOXX Europe 600;01.03.2024;489.57
37158;STOXX Europe 600;04.03.2024;490.48
37159;STOXX Europe 600;05.03.2024;489.11
37160;STOXX Europe 600;06.03.2024;491.92
37161;STOXX Europe 600;07.03.2024;497.32
37162;STOXX Europe 600;08.03.2024;496.44
37163;STOXX Europe 600;11.03.2024;494.90
37164;STOXX Europe 600;12.03.2024;499.78
37165;STOXX Europe 600;13.03.2024;501.58
37166;STOXX Europe 600;14.03.2024;501.42
37167;STOXX Europe 600;15.03.2024;500.06
37168;STOXX Europe 600;18.03.2024;500.69
37169;STOXX Europe 600;19.03.2024;501.86
37170;STOXX Europe 600;20.03.2024;503.64
37171;STOXX Europe 600;21.03.2024;512.34
37172;STOXX Europe 600;22.03.2024;510.34
37173;STOXX Europe 600;25.03.2024;512.14
37174;STOXX Europe 600;26.03.2024;516.09
37175;STOXX Europe 600;27.03.2024;517.23
37176;STOXX Europe 600;28.03.2024;514.85
37177;STOXX Europe 600;29.03.2024;514.85
37178;STOXX Europe 600;01.04.2024;514.85
37179;STOXX Europe 600;02.04.2024;512.74
37180;STOXX Europe 600;03.04.2024;515.39
37181;STOXX Europe 600;04.04.2024;517.95
37182;STOXX Europe 600;05.04.2024;510.78
37183;STOXX Europe 600;08.04.2024;516.36
37184;STOXX Europe 600;09.04.2024;512.20
37185;STOXX Europe 600;10.04.2024;513.44
37186;STOXX Europe 600;11.04.2024;508.79
37187;STOXX Europe 600;12.04.2024;507.23
37188;STOXX Europe 600;15.04.2024;508.16
37189;STOXX Europe 600;16.04.2024;499.60
37190;STOXX Europe 600;17.04.2024;500.27
37191;STOXX Europe 600;18.04.2024;502.11
37192;STOXX Europe 600;19.04.2024;500.79
37193;STOXX Europe 600;22.04.2024;505.38
37194;STOXX Europe 600;23.04.2024;513.59
37195;STOXX Europe 600;24.04.2024;512.33
37196;STOXX Europe 600;25.04.2024;510.53
37197;STOXX Europe 600;26.04.2024;515.52
37198;STOXX Europe 600;29.04.2024;515.35
37199;STOXX Europe 600;30.04.2024;514.41
37200;STOXX Europe 600;01.05.2024;514.83
37201;STOXX Europe 600;02.05.2024;511.36
37202;STOXX Europe 600;03.05.2024;512.84
37203;STOXX Europe 600;06.05.2024;516.48
37204;STOXX Europe 600;07.05.2024;523.14
37205;STOXX Europe 600;08.05.2024;524.09
37206;STOXX Europe 600;09.05.2024;526.62
37207;STOXX Europe 600;10.05.2024;530.40
37208;STOXX Europe 600;13.05.2024;532.46
37209;STOXX Europe 600;14.05.2024;534.03
37210;STOXX Europe 600;15.05.2024;537.88
37211;STOXX Europe 600;16.05.2024;538.44
37212;STOXX Europe 600;17.05.2024;539.70
37213;STOXX Europe 600;20.05.2024;541.78
37214;STOXX Europe 600;21.05.2024;541.28
37215;STOXX Europe 600;22.05.2024;540.86
37216;STOXX Europe 600;23.05.2024;540.70
37217;STOXX Europe 600;24.05.2024;540.83
37218;STOXX Europe 600;27.05.2024;542.88
37219;STOXX Europe 600;28.05.2024;539.06
37220;STOXX Europe 600;29.05.2024;531.94
37221;STOXX Europe 600;30.05.2024;530.76
37222;STOXX Europe 600;31.05.2024;532.51
37223;STOXX Europe 600;03.06.2024;531.49
37224;STOXX Europe 600;04.06.2024;524.78
37225;STOXX Europe 600;05.06.2024;531.05
37226;STOXX Europe 600;06.06.2024;534.27
37227;STOXX Europe 600;07.06.2024;532.12
37228;STOXX Europe 600;10.06.2024;528.63
37229;STOXX Europe 600;11.06.2024;523.87
37230;STOXX Europe 600;12.06.2024;530.55
37231;STOXX Europe 600;13.06.2024;520.37
37232;STOXX Europe 600;14.06.2024;511.37
37233;STOXX Europe 600;17.06.2024;513.19
37234;STOXX Europe 600;18.06.2024;513.43
37235;STOXX Europe 600;19.06.2024;513.09
37236;STOXX Europe 600;20.06.2024;520.14
37237;STOXX Europe 600;21.06.2024;517.34
37238;STOXX Europe 600;24.06.2024;522.76
37239;STOXX Europe 600;25.06.2024;521.05
37240;STOXX Europe 600;26.06.2024;518.53
37241;STOXX Europe 600;27.06.2024;517.90
37242;STOXX Europe 600;28.06.2024;517.38
37243;STOXX Europe 600;01.07.2024;522.68
37244;STOXX Europe 600;02.07.2024;521.21
37245;STOXX Europe 600;03.07.2024;525.96
37246;STOXX Europe 600;04.07.2024;529.35
37247;STOXX Europe 600;05.07.2024;527.72
37248;STOXX Europe 600;08.07.2024;527.60
37249;STOXX Europe 600;09.07.2024;522.13
37250;STOXX Europe 600;10.07.2024;528.54
37251;STOXX Europe 600;11.07.2024;530.76
37252;STOXX Europe 600;12.07.2024;537.55
37253;STOXX Europe 600;15.07.2024;532.11
37254;STOXX Europe 600;16.07.2024;530.06
37255;STOXX Europe 600;17.07.2024;523.21
37256;STOXX Europe 600;18.07.2024;522.66
37257;STOXX Europe 600;19.07.2024;518.65
37258;STOXX Europe 600;22.07.2024;524.25
37259;STOXX Europe 600;23.07.2024;524.53
37260;STOXX Europe 600;24.07.2024;516.88
37261;STOXX Europe 600;25.07.2024;511.47
37262;STOXX Europe 600;26.07.2024;517.49
37263;STOXX Europe 600;29.07.2024;516.23
37264;STOXX Europe 600;30.07.2024;516.41
37265;STOXX Europe 600;31.07.2024;518.71
37266;STOXX Europe 600;01.08.2024;507.52
37267;STOXX Europe 600;02.08.2024;491.43
37268;STOXX Europe 600;05.08.2024;479.34
37269;STOXX Europe 600;06.08.2024;479.36
37270;STOXX Europe 600;07.08.2024;491.86
37271;STOXX Europe 600;08.08.2024;493.78
37272;STOXX Europe 600;09.08.2024;496.09
37273;STOXX Europe 600;12.08.2024;497.48
37274;STOXX Europe 600;13.08.2024;501.20
37275;STOXX Europe 600;14.08.2024;505.70
37276;STOXX Europe 600;15.08.2024;514.46
37277;STOXX Europe 600;16.08.2024;515.04
37278;STOXX Europe 600;19.08.2024;518.28
37279;STOXX Europe 600;20.08.2024;513.77
37280;STOXX Europe 600;21.08.2024;513.93
37281;STOXX Europe 600;22.08.2024;514.60
37282;STOXX Europe 600;23.08.2024;518.56
37283;STOXX Europe 600;26.08.2024;516.81
37284;STOXX Europe 600;27.08.2024;514.94
37285;STOXX Europe 600;28.08.2024;514.18
37286;STOXX Europe 600;29.08.2024;518.98
37287;STOXX Europe 600;30.08.2024;520.41
37288;STOXX Europe 600;02.09.2024;521.49
37289;STOXX Europe 600;03.09.2024;514.68
37290;STOXX Europe 600;04.09.2024;510.22
37291;STOXX Europe 600;05.09.2024;506.76
37292;STOXX Europe 600;06.09.2024;499.12
37293;STOXX Europe 600;09.09.2024;504.74
37294;STOXX Europe 600;10.09.2024;500.14
37295;STOXX Europe 600;11.09.2024;501.66
37296;STOXX Europe 600;12.09.2024;508.91
37297;STOXX Europe 600;13.09.2024;511.32
37298;STOXX Europe 600;16.09.2024;510.72
37299;STOXX Europe 600;17.09.2024;513.17
37300;STOXX Europe 600;18.09.2024;510.22
37301;STOXX Europe 600;19.09.2024;520.49
37302;STOXX Europe 600;20.09.2024;514.72
37303;STOXX Europe 600;23.09.2024;512.92
37304;STOXX Europe 600;24.09.2024;517.00
37305;STOXX Europe 600;25.09.2024;518.41
37306;STOXX Europe 600;26.09.2024;524.70
37307;STOXX Europe 600;27.09.2024;523.40
37308;STOXX Europe 600;30.09.2024;519.49
37309;STOXX Europe 600;01.10.2024;514.45
37310;STOXX Europe 600;02.10.2024;516.28
37311;STOXX Europe 600;03.10.2024;512.40
37312;STOXX Europe 600;04.10.2024;515.53
37313;STOXX Europe 600;07.10.2024;514.26
37314;STOXX Europe 600;08.10.2024;513.25
37315;STOXX Europe 600;09.10.2024;516.60
37316;STOXX Europe 600;10.10.2024;512.78
37317;STOXX Europe 600;11.10.2024;516.56
37318;STOXX Europe 600;14.10.2024;521.51
37319;STOXX Europe 600;15.10.2024;516.63
37320;STOXX Europe 600;16.10.2024;515.52
37321;STOXX Europe 600;17.10.2024;518.55
37322;STOXX Europe 600;18.10.2024;521.17
37323;STOXX Europe 600;21.10.2024;515.69
37324;STOXX Europe 600;22.10.2024;514.07
37325;STOXX Europe 600;23.10.2024;511.75
37326;STOXX Europe 600;24.10.2024;513.13
37327;STOXX Europe 600;25.10.2024;512.80
37328;STOXX Europe 600;28.10.2024;514.91
37329;STOXX Europe 600;29.10.2024;513.11
37330;STOXX Europe 600;30.10.2024;508.49
37331;STOXX Europe 600;31.10.2024;501.93
37332;STOXX Europe 600;01.11.2024;509.23
37333;STOXX Europe 600;04.11.2024;505.64
37334;STOXX Europe 600;05.11.2024;507.83
37335;STOXX Europe 600;06.11.2024;503.42
37336;STOXX Europe 600;07.11.2024;508.10
37337;STOXX Europe 600;08.11.2024;502.59
37338;STOXX Europe 600;11.11.2024;507.75
37339;STOXX Europe 600;12.11.2024;497.10
37340;STOXX Europe 600;13.11.2024;496.09
37341;STOXX Europe 600;14.11.2024;502.67
37342;STOXX Europe 600;15.11.2024;497.82
37343;STOXX Europe 600;18.11.2024;498.33
37344;STOXX Europe 600;19.11.2024;495.03
37345;STOXX Europe 600;20.11.2024;493.24
37346;STOXX Europe 600;21.11.2024;494.27
37347;STOXX Europe 600;22.11.2024;501.03
37348;STOXX Europe 600;25.11.2024;501.02
37349;STOXX Europe 600;26.11.2024;497.87
37350;STOXX Europe 600;27.11.2024;498.08
37351;STOXX Europe 600;28.11.2024;500.45
37352;STOXX Europe 600;29.11.2024;502.99
37353;STOXX Europe 600;02.12.2024;505.90
37354;STOXX Europe 600;03.12.2024;508.66
37355;STOXX Europe 600;04.12.2024;509.80
37356;STOXX Europe 600;05.12.2024;511.46
37357;STOXX Europe 600;06.12.2024;511.00
37358;STOXX Europe 600;09.12.2024;512.30
37359;STOXX Europe 600;10.12.2024;509.56
37360;STOXX Europe 600;11.12.2024;511.08
37361;STOXX Europe 600;12.12.2024;513.54
37362;STOXX Europe 600;13.12.2024;512.47
37363;STOXX Europe 600;16.12.2024;513.45
37364;STOXX Europe 600;17.12.2024;509.64
37365;STOXX Europe 600;18.12.2024;509.65
37366;STOXX Europe 600;19.12.2024;503.90
37367;MDAX;15.05.2023;26644.84
37368;MDAX;16.05.2023;26603.70
37369;MDAX;17.05.2023;26691.50
37370;MDAX;18.05.2023;26911.75
37371;MDAX;19.05.2023;26881.49
37372;MDAX;22.05.2023;26783.06
37373;MDAX;23.05.2023;26590.08
37374;MDAX;24.05.2023;26092.43
37375;MDAX;25.05.2023;26033.23
37376;MDAX;26.05.2023;26200.33
37377;MDAX;29.05.2023;26071.29
37378;MDAX;30.05.2023;26038.48
37379;MDAX;31.05.2023;25811.14
37380;MDAX;01.06.2023;26105.86
37381;MDAX;02.06.2023;26531.75
37382;MDAX;05.06.2023;26299.63
37383;MDAX;06.06.2023;26293.01
37384;MDAX;07.06.2023;26400.68
37385;MDAX;08.06.2023;26390.41
37386;MDAX;09.06.2023;26354.30
37387;MDAX;12.06.2023;26724.12
37388;MDAX;13.06.2023;26821.61
37389;MDAX;14.06.2023;26843.57
37390;MDAX;15.06.2023;26662.11
37391;MDAX;16.06.2023;26856.48
37392;MDAX;19.06.2023;26595.95
37393;MDAX;20.06.2023;26198.00
37394;MDAX;21.06.2023;26075.18
37395;MDAX;22.06.2023;26428.98
37396;MDAX;23.06.2023;26191.59
37397;MDAX;26.06.2023;26195.42
37398;MDAX;27.06.2023;26334.47
37399;MDAX;28.06.2023;26626.26
37400;MDAX;29.06.2023;26577.10
37401;MDAX;30.06.2023;26970.86
37402;MDAX;03.07.2023;27091.74
37403;MDAX;04.07.2023;27171.81
37404;MDAX;05.07.2023;26767.52
37405;MDAX;06.07.2023;26031.53
37406;MDAX;07.07.2023;26321.27
37407;MDAX;10.07.2023;26338.08
37408;MDAX;11.07.2023;26450.71
37409;MDAX;12.07.2023;26999.32
37410;MDAX;13.07.2023;26939.68
37411;MDAX;14.07.2023;26972.31
37412;MDAX;17.07.2023;26798.74
37413;MDAX;18.07.2023;27055.51
37414;MDAX;19.07.2023;27304.18
37415;MDAX;20.07.2023;27246.26
37416;MDAX;21.07.2023;27207.86
37417;MDAX;24.07.2023;27109.45
37418;MDAX;25.07.2023;27018.19
37419;MDAX;26.07.2023;27023.57
37420;MDAX;27.07.2023;27454.16
37421;MDAX;28.07.2023;27482.96
37422;MDAX;31.07.2023;27598.75
37423;MDAX;01.08.2023;27454.89
37424;MDAX;02.08.2023;26912.80
37425;MDAX;03.08.2023;26741.77
37426;MDAX;04.08.2023;26997.28
37427;MDAX;07.08.2023;26947.85
37428;MDAX;08.08.2023;26762.16
37429;MDAX;09.08.2023;26979.69
37430;MDAX;10.08.2023;27269.59
37431;MDAX;11.08.2023;26971.56
37432;MDAX;14.08.2023;26851.31
37433;MDAX;15.08.2023;26645.05
37434;MDAX;16.08.2023;26631.36
37435;MDAX;17.08.2023;26315.54
37436;MDAX;18.08.2023;26034.00
37437;MDAX;21.08.2023;25873.39
37438;MDAX;22.08.2023;25999.50
37439;MDAX;23.08.2023;26053.74
37440;MDAX;24.08.2023;25904.60
37441;MDAX;25.08.2023;25811.11
37442;MDAX;28.08.2023;26068.23
37443;MDAX;29.08.2023;26416.07
37444;MDAX;30.08.2023;26412.33
37445;MDAX;31.08.2023;26622.08
37446;MDAX;01.09.2023;26568.21
37447;MDAX;04.09.2023;26585.44
37448;MDAX;05.09.2023;26385.14
37449;MDAX;06.09.2023;26247.44
37450;MDAX;07.09.2023;25962.15
37451;MDAX;08.09.2023;25845.61
37452;MDAX;11.09.2023;26042.02
37453;MDAX;12.09.2023;25902.52
37454;MDAX;13.09.2023;25930.95
37455;MDAX;14.09.2023;26073.11
37456;MDAX;15.09.2023;26134.49
37457;MDAX;18.09.2023;25810.65
37458;MDAX;19.09.2023;25817.85
37459;MDAX;20.09.2023;26077.24
37460;MDAX;21.09.2023;25605.84
37461;MDAX;22.09.2023;25630.30
37462;MDAX;25.09.2023;25234.04
37463;MDAX;26.09.2023;24819.64
37464;MDAX;27.09.2023;24777.91
37465;MDAX;28.09.2023;24883.48
37466;MDAX;29.09.2023;25223.97
37467;MDAX;02.10.2023;24830.50
37468;MDAX;03.10.2023;24388.03
37469;MDAX;04.10.2023;24343.18
37470;MDAX;05.10.2023;24233.35
37471;MDAX;06.10.2023;24458.01
37472;MDAX;09.10.2023;24139.98
37473;MDAX;10.10.2023;24757.84
37474;MDAX;11.10.2023;24379.48
37475;MDAX;12.10.2023;24198.25
37476;MDAX;13.10.2023;23638.10
37477;MDAX;16.10.2023;23765.00
37478;MDAX;17.10.2023;23801.41
37479;MDAX;18.10.2023;23386.92
37480;MDAX;19.10.2023;23135.61
37481;MDAX;20.10.2023;22735.64
37482;MDAX;23.10.2023;22894.54
37483;MDAX;24.10.2023;23108.53
37484;MDAX;25.10.2023;22770.19
37485;MDAX;26.10.2023;22555.05
37486;MDAX;27.10.2023;22720.13
37487;MDAX;30.10.2023;22829.30
37488;MDAX;31.10.2023;23124.31
37489;MDAX;01.11.2023;23070.11
37490;MDAX;02.11.2023;23788.77
37491;MDAX;03.11.2023;24233.94
37492;MDAX;06.11.2023;24008.93
37493;MDAX;07.11.2023;24164.19
37494;MDAX;08.11.2023;24450.90
37495;MDAX;09.11.2023;24889.77
37496;MDAX;10.11.2023;24372.08
37497;MDAX;13.11.2023;24514.68
37498;MDAX;14.11.2023;25406.16
37499;MDAX;15.11.2023;25483.52
37500;MDAX;16.11.2023;25040.37
37501;MDAX;17.11.2023;25371.57
37502;MDAX;20.11.2023;25547.68
37503;MDAX;21.11.2023;25039.31
37504;MDAX;22.11.2023;25152.10
37505;MDAX;23.11.2023;25158.27
37506;MDAX;24.11.2023;25282.50
37507;MDAX;27.11.2023;25166.68
37508;MDAX;28.11.2023;25076.66
37509;MDAX;29.11.2023;25257.51
37510;MDAX;30.11.2023;24946.68
37511;MDAX;01.12.2023;25092.87
37512;MDAX;04.12.2023;24914.22
37513;MDAX;05.12.2023;25013.02
37514;MDAX;06.12.2023;25216.25
37515;MDAX;07.12.2023;25076.46
37516;MDAX;08.12.2023;25284.15
37517;MDAX;11.12.2023;25170.59
37518;MDAX;12.12.2023;25127.25
37519;MDAX;13.12.2023;24996.98
37520;MDAX;14.12.2023;25854.97
37521;MDAX;15.12.2023;25713.14
37522;MDAX;18.12.2023;25514.20
37523;MDAX;19.12.2023;25685.74
37524;MDAX;20.12.2023;25828.11
37525;MDAX;21.12.2023;25663.25
37526;MDAX;22.12.2023;25407.00
37527;MDAX;25.12.2023;25407.00
37528;MDAX;26.12.2023;25407.00
37529;MDAX;27.12.2023;25441.75
37530;MDAX;28.12.2023;25203.19
37531;MDAX;29.12.2023;25196.74
37532;MDAX;01.01.2024;25196.74
37533;MDAX;02.01.2024;24987.94
37534;MDAX;03.01.2024;24386.89
37535;MDAX;04.01.2024;24344.17
37536;MDAX;05.01.2024;24241.47
37537;MDAX;08.01.2024;24443.81
37538;MDAX;09.01.2024;24511.22
37539;MDAX;10.01.2024;24496.75
37540;MDAX;11.01.2024;24423.84
37541;MDAX;12.01.2024;24573.75
37542;MDAX;15.01.2024;24354.33
37543;MDAX;16.01.2024;24060.59
37544;MDAX;17.01.2024;23748.66
37545;MDAX;18.01.2024;24109.57
37546;MDAX;19.01.2024;24070.16
37547;MDAX;22.01.2024;24365.94
37548;MDAX;23.01.2024;24389.49
37549;MDAX;24.01.2024;24578.80
37550;MDAX;25.01.2024;24516.17
37551;MDAX;26.01.2024;24563.06
37552;MDAX;29.01.2024;24380.33
37553;MDAX;30.01.2024;24320.80
37554;MDAX;31.01.2024;24213.89
37555;MDAX;01.02.2024;24181.80
37556;MDAX;02.02.2024;23999.87
37557;MDAX;05.02.2024;23912.47
37558;MDAX;06.02.2024;24156.55
37559;MDAX;07.02.2024;24188.08
37560;MDAX;08.02.2024;24290.16
37561;MDAX;09.02.2024;24282.24
37562;MDAX;12.02.2024;24624.62
37563;MDAX;13.02.2024;24454.61
37564;MDAX;14.02.2024;24745.17
37565;MDAX;15.02.2024;24691.64
37566;MDAX;16.02.2024;24823.06
37567;MDAX;19.02.2024;24747.42
37568;MDAX;20.02.2024;24541.32
37569;MDAX;21.02.2024;24470.77
37570;MDAX;22.02.2024;24896.33
37571;MDAX;23.02.2024;24783.99
37572;MDAX;26.02.2024;24631.30
37573;MDAX;27.02.2024;24787.86
37574;MDAX;28.02.2024;24663.13
37575;MDAX;29.02.2024;24652.52
37576;MDAX;01.03.2024;25025.64
37577;MDAX;04.03.2024;24952.37
37578;MDAX;05.03.2024;24947.81
37579;MDAX;06.03.2024;25151.38
37580;MDAX;07.03.2024;25147.97
37581;MDAX;08.03.2024;24921.77
37582;MDAX;11.03.2024;24982.98
37583;MDAX;12.03.2024;25334.62
37584;MDAX;13.03.2024;25331.51
37585;MDAX;14.03.2024;25260.15
37586;MDAX;15.03.2024;25080.33
37587;MDAX;18.03.2024;25223.11
37588;MDAX;19.03.2024;25322.87
37589;MDAX;20.03.2024;25423.38
37590;MDAX;21.03.2024;25824.00
37591;MDAX;22.03.2024;25857.24
37592;MDAX;25.03.2024;25974.41
37593;MDAX;26.03.2024;26310.41
37594;MDAX;27.03.2024;26546.77
37595;MDAX;28.03.2024;26314.05
37596;MDAX;29.03.2024;26314.05
37597;MDAX;01.04.2024;26314.05
37598;MDAX;02.04.2024;26154.27
37599;MDAX;03.04.2024;26489.65
37600;MDAX;04.04.2024;26782.25
37601;MDAX;05.04.2024;26289.54
37602;MDAX;08.04.2024;26663.85
37603;MDAX;09.04.2024;26469.91
37604;MDAX;10.04.2024;26441.17
37605;MDAX;11.04.2024;26058.94
37606;MDAX;12.04.2024;25808.29
37607;MDAX;15.04.2024;25693.19
37608;MDAX;16.04.2024;25182.46
37609;MDAX;17.04.2024;25154.51
37610;MDAX;18.04.2024;25438.86
37611;MDAX;19.04.2024;25194.76
37612;MDAX;22.04.2024;25523.89
37613;MDAX;23.04.2024;25973.21
37614;MDAX;24.04.2024;25741.44
37615;MDAX;25.04.2024;25512.76
37616;MDAX;26.04.2024;25584.33
37617;MDAX;29.04.2024;25711.15
37618;MDAX;30.04.2024;25739.41
37619;MDAX;01.05.2024;25739.41
37620;MDAX;02.05.2024;25644.79
37621;MDAX;03.05.2024;25640.55
37622;MDAX;06.05.2024;25935.99
37623;MDAX;07.05.2024;25966.30
37624;MDAX;08.05.2024;26050.48
37625;MDAX;09.05.2024;26096.20
37626;MDAX;10.05.2024;26113.07
37627;MDAX;13.05.2024;26269.75
37628;MDAX;14.05.2024;26692.98
37629;MDAX;15.05.2024;26950.16
37630;MDAX;16.05.2024;27059.54
37631;MDAX;17.05.2024;27081.89
37632;MDAX;20.05.2024;27153.51
37633;MDAX;21.05.2024;26856.22
37634;MDAX;22.05.2024;26897.26
37635;MDAX;23.05.2024;26914.81
37636;MDAX;24.05.2024;26900.23
37637;MDAX;27.05.2024;27067.86
37638;MDAX;28.05.2024;26882.65
37639;MDAX;29.05.2024;26274.06
37640;MDAX;30.05.2024;26264.70
37641;MDAX;31.05.2024;26177.37
37642;MDAX;03.06.2024;26282.71
37643;MDAX;04.06.2024;25911.20
37644;MDAX;05.06.2024;26187.30
37645;MDAX;06.06.2024;26223.43
37646;MDAX;07.06.2024;26010.76
37647;MDAX;10.06.2024;25789.59
37648;MDAX;11.06.2024;25523.90
37649;MDAX;12.06.2024;25876.72
37650;MDAX;13.06.2024;25044.11
37651;MDAX;14.06.2024;24511.42
37652;MDAX;17.06.2024;24351.98
37653;MDAX;18.06.2024;24295.97
37654;MDAX;19.06.2024;24204.52
37655;MDAX;20.06.2024;24540.93
37656;MDAX;21.06.2024;24187.84
37657;MDAX;24.06.2024;24651.93
37658;MDAX;25.06.2024;24400.21
37659;MDAX;26.06.2024;24292.49
37660;MDAX;27.06.2024;24399.42
37661;MDAX;28.06.2024;24240.33
37662;MDAX;01.07.2024;24475.85
37663;MDAX;02.07.2024;24389.89
37664;MDAX;03.07.2024;24694.25
37665;MDAX;04.07.2024;24848.31
37666;MDAX;05.07.2024;25001.10
37667;MDAX;08.07.2024;24826.78
37668;MDAX;09.07.2024;24507.79
37669;MDAX;10.07.2024;24936.75
37670;MDAX;11.07.2024;25023.01
37671;MDAX;12.07.2024;25273.98
37672;MDAX;15.07.2024;25065.56
37673;MDAX;16.07.2024;24928.99
37674;MDAX;17.07.2024;24680.46
37675;MDAX;18.07.2024;24747.09
37676;MDAX;19.07.2024;24513.21
37677;MDAX;22.07.2024;24615.53
37678;MDAX;23.07.2024;24480.15
37679;MDAX;24.07.2024;24043.15
37680;MDAX;25.07.2024;23857.83
37681;MDAX;26.07.2024;24099.10
37682;MDAX;29.07.2024;24069.99
37683;MDAX;30.07.2024;24170.37
37684;MDAX;31.07.2024;24148.42
37685;MDAX;01.08.2024;23566.39
37686;MDAX;02.08.2024;22955.19
37687;MDAX;05.08.2024;22417.15
37688;MDAX;06.08.2024;22462.32
37689;MDAX;07.08.2024;22841.62
37690;MDAX;08.08.2024;22779.25
37691;MDAX;09.08.2024;22890.58
37692;MDAX;12.08.2024;22868.08
37693;MDAX;13.08.2024;23080.52
37694;MDAX;14.08.2024;23371.45
37695;MDAX;15.08.2024;23733.22
37696;MDAX;16.08.2024;23710.21
37697;MDAX;19.08.2024;23849.23
37698;MDAX;20.08.2024;23572.02
37699;MDAX;21.08.2024;23641.60
37700;MDAX;22.08.2024;23635.85
37701;MDAX;23.08.2024;23925.83
37702;MDAX;26.08.2024;23827.80
37703;MDAX;27.08.2024;23802.70
37704;MDAX;28.08.2024;23625.19
37705;MDAX;29.08.2024;23938.01
37706;MDAX;30.08.2024;24164.68
37707;MDAX;02.09.2024;24161.96
37708;MDAX;03.09.2024;23857.96
37709;MDAX;04.09.2024;23779.22
37710;MDAX;05.09.2024;23800.73
37711;MDAX;06.09.2024;23404.86
37712;MDAX;09.09.2024;23620.81
37713;MDAX;10.09.2024;23529.98
37714;MDAX;11.09.2024;23510.77
37715;MDAX;12.09.2024;23780.91
37716;MDAX;13.09.2024;24012.83
37717;MDAX;16.09.2024;23891.94
37718;MDAX;17.09.2024;24257.26
37719;MDAX;18.09.2024;24247.89
37720;MDAX;19.09.2024;24845.41
37721;MDAX;20.09.2024;24522.58
37722;MDAX;23.09.2024;24481.30
37723;MDAX;24.09.2024;24598.20
37724;MDAX;25.09.2024;24908.67
37725;MDAX;26.09.2024;25350.37
37726;MDAX;27.09.2024;25556.35
37727;MDAX;30.09.2024;25281.42
37728;MDAX;01.10.2024;25115.15
37729;MDAX;02.10.2024;25130.88
37730;MDAX;03.10.2024;24989.64
37731;MDAX;04.10.2024;25290.09
37732;MDAX;07.10.2024;25080.25
37733;MDAX;08.10.2024;25055.86
37734;MDAX;09.10.2024;25349.23
37735;MDAX;10.10.2024;25024.05
37736;MDAX;11.10.2024;25156.53
37737;MDAX;14.10.2024;25315.08
37738;MDAX;15.10.2024;25316.63
37739;MDAX;16.10.2024;25422.88
37740;MDAX;17.10.2024;25451.44
37741;MDAX;18.10.2024;25699.01
37742;MDAX;21.10.2024;25425.43
37743;MDAX;22.10.2024;25338.15
37744;MDAX;23.10.2024;25239.12
37745;MDAX;24.10.2024;25411.38
37746;MDAX;25.10.2024;25513.02
37747;MDAX;28.10.2024;25580.17
37748;MDAX;29.10.2024;25376.23
37749;MDAX;30.10.2024;25056.63
37750;MDAX;31.10.2024;24744.30
37751;MDAX;01.11.2024;25009.98
37752;MDAX;04.11.2024;24825.53
37753;MDAX;05.11.2024;25056.39
37754;MDAX;06.11.2024;24757.91
37755;MDAX;07.11.2024;25004.49
37756;MDAX;08.11.2024;24950.80
37757;MDAX;11.11.2024;25305.15
37758;MDAX;12.11.2024;24762.38
37759;MDAX;13.11.2024;24546.22
37760;MDAX;14.11.2024;24817.85
37761;MDAX;15.11.2024;24709.95
37762;MDAX;18.11.2024;24530.64
37763;MDAX;19.11.2024;24387.38
37764;MDAX;20.11.2024;24214.62
37765;MDAX;21.11.2024;24037.75
37766;MDAX;22.11.2024;24372.13
37767;MDAX;25.11.2024;24625.02
37768;MDAX;26.11.2024;24369.09
37769;MDAX;27.11.2024;24402.31
37770;MDAX;28.11.2024;24438.00
37771;MDAX;29.11.2024;24508.21
37772;MDAX;02.12.2024;24469.25
37773;MDAX;03.12.2024;24647.06
37774;MDAX;04.12.2024;24955.22
37775;MDAX;05.12.2024;25224.47
37776;MDAX;06.12.2024;25320.35
37777;MDAX;09.12.2024;25151.13
37778;MDAX;10.12.2024;24917.02
37779;MDAX;11.12.2024;24989.57
37780;MDAX;12.12.2024;25036.60
37781;MDAX;13.12.2024;24850.29
37782;MDAX;16.12.2024;24606.64
37783;MDAX;17.12.2024;24295.30
37784;MDAX;18.12.2024;24172.80
37785;MDAX;19.12.2024;23911.42
